49.647,59.378,39.917,49.647,59.378,39.917
51.361,61.381,41.341,51.361,61.381,41.341
53.67,64.689,42.652,53.67,64.689,42.652
58.92,70.943,46.897,58.92,70.943,46.897
63.727,76.102,51.352,63.727,76.102,51.352
70.423,83.446,57.399,70.423,83.446,57.399
76.358,89.808,62.909,76.358,89.808,62.909
76.361,90.158,62.563,76.361,90.158,62.563
72.198,85.33,59.066,72.198,85.33,59.066
64.445,76.51,52.38,64.445,76.51,52.38
55.317,66.131,44.503,55.317,66.131,44.503
49.084,59.15,39.018,49.084,59.15,39.018
50.531,60.771,40.291,50.531,60.771,40.291
51.275,61.846,40.704,51.275,61.846,40.704
54.544,65.704,43.384,54.544,65.704,43.384
58.519,70.621,46.418,58.519,70.621,46.418
63.656,75.978,51.334,63.656,75.978,51.334
69.815,82.564,57.066,69.815,82.564,57.066
75.251,88.786,61.716,75.251,88.786,61.716
77.098,90.801,63.395,77.098,90.801,63.395
71.473,84.78,58.166,71.473,84.78,58.166
63.874,76.25,51.497,63.874,76.25,51.497
55.832,66.937,44.727,55.832,66.937,44.727
49.509,59.731,39.287,49.509,59.731,39.287
50.081,59.974,40.189,50.081,59.974,40.189
50.462,60.324,40.6,50.462,60.324,40.6
54.157,64.779,43.536,54.157,64.779,43.536
57.627,69.079,46.174,57.627,69.079,46.174
63.281,74.878,51.684,63.281,74.878,51.684
69.857,82.455,57.26,69.857,82.455,57.26
75.333,88.731,61.935,75.333,88.731,61.935
75.971,89.446,62.497,75.971,89.446,62.497
72.058,85.253,58.864,72.058,85.253,58.864
65.487,78.076,52.897,65.487,78.076,52.897
55.624,66.638,44.61,55.624,66.638,44.61
50.303,60.205,40.401,50.303,60.205,40.401
50.269,60.494,40.044,50.269,60.494,40.044
52.055,62.342,41.769,52.055,62.342,41.769
55.595,67.083,44.107,55.595,67.083,44.107
58.6,70.586,46.614,58.6,70.586,46.614
64.151,76.052,52.249,64.151,76.052,52.249
70.352,82.855,57.85,70.352,82.855,57.85
76.233,89.453,63.013,76.233,89.453,63.013
76.594,89.971,63.217,76.594,89.971,63.217
72.86,86.291,59.429,72.86,86.291,59.429
64.782,77.421,52.144,64.782,77.421,52.144
56.053,66.957,45.15,56.053,66.957,45.15
50.806,60.882,40.73,50.806,60.882,40.73
50.675,60.714,40.636,50.675,60.714,40.636
51.646,61.304,41.988,51.646,61.304,41.988
53.542,63.919,43.165,53.542,63.919,43.165
58.863,70.554,47.172,58.863,70.554,47.172
63.159,75.045,51.273,63.159,75.045,51.273
70.175,82.912,57.438,70.175,82.912,57.438
76.198,89.66,62.735,76.198,89.66,62.735
75.86,89.339,62.381,75.86,89.339,62.381
72.575,86.059,59.092,72.575,86.059,59.092
64.296,76.359,52.233,64.296,76.359,52.233
55.241,65.962,44.521,55.241,65.962,44.521
49.967,60.367,39.568,49.967,60.367,39.568
49.754,59.949,39.56,49.754,59.949,39.56
50.553,60.755,40.352,50.553,60.755,40.352
52.878,63.882,41.874,52.878,63.882,41.874
58.402,70.744,46.06,58.402,70.744,46.06
64.437,76.703,52.171,64.437,76.703,52.171
69.985,82.797,57.173,69.985,82.797,57.173
75.779,89.168,62.389,75.779,89.168,62.389
76.718,90.505,62.931,76.718,90.505,62.931
72.304,85.622,58.986,72.304,85.622,58.986
65.434,78.037,52.83,65.434,78.037,52.83
56.644,67.778,45.51,56.644,67.778,45.51
50.32,60.692,39.949,50.32,60.692,39.949
50.311,60.589,40.033,50.311,60.589,40.033
51.916,62.149,41.682,51.916,62.149,41.682
54.49,65.708,43.272,54.49,65.708,43.272
58.935,71.143,46.726,58.935,71.143,46.726
65.416,78.307,52.526,65.416,78.307,52.526
70.344,83.565,57.122,70.344,83.565,57.122
76.867,90.611,63.123,76.867,90.611,63.123
76.513,90.108,62.919,76.513,90.108,62.919
70.449,83.801,57.097,70.449,83.801,57.097
64.666,76.745,52.587,64.666,76.745,52.587
55.429,66.369,44.489,55.429,66.369,44.489
49.606,59.904,39.309,49.606,59.904,39.309
49.851,59.896,39.806,49.851,59.896,39.806
51.593,62.018,41.167,51.593,62.018,41.167
54.197,65.093,43.302,54.197,65.093,43.302
57.973,69.772,46.173,57.973,69.772,46.173
64.159,76.019,52.299,64.159,76.019,52.299
69.683,82.425,56.942,69.683,82.425,56.942
76.517,89.932,63.102,76.517,89.932,63.102
76.038,89.619,62.456,76.038,89.619,62.456
72.852,86.124,59.579,72.852,86.124,59.579
64.368,76.48,52.255,64.368,76.48,52.255
55.117,65.931,44.303,55.117,65.931,44.303
49.858,60.129,39.587,49.858,60.129,39.587
50.606,60.808,40.404,50.606,60.808,40.404
50.932,60.898,40.965,50.932,60.898,40.965
53.611,64.126,43.097,53.611,64.126,43.097
58.187,70.102,46.272,58.187,70.102,46.272
64.761,77.12,52.402,64.761,77.12,52.402
69.588,82.601,56.574,69.588,82.601,56.574
75.056,88.487,61.624,75.056,88.487,61.624
76.212,89.976,62.448,76.212,89.976,62.448
71.826,84.853,58.799,71.826,84.853,58.799
62.721,74.863,50.58,62.721,74.863,50.58
54.795,65.881,43.71,54.795,65.881,43.71
49.193,59.548,38.837,49.193,59.548,38.837
50.668,61.095,40.24,50.668,61.095,40.24
51.801,62.06,41.542,51.801,62.06,41.542
55.484,67.135,43.832,55.484,67.135,43.832
57.954,69.859,46.05,57.954,69.859,46.05
63.802,75.79,51.813,63.802,75.79,51.813
70.588,83.559,57.616,70.588,83.559,57.616
75.703,89.119,62.288,75.703,89.119,62.288
75.372,88.873,61.871,75.372,88.873,61.871
72.737,86.042,59.432,72.737,86.042,59.432
63.815,76.129,51.502,63.815,76.129,51.502
54.109,65.024,43.195,54.109,65.024,43.195
49.411,59.007,39.814,49.411,59.007,39.814
50.235,60.086,40.383,50.235,60.086,40.383
51.086,61.241,40.931,51.086,61.241,40.931
55.276,66.842,43.71,55.276,66.842,43.71
59.274,71.652,46.896,59.274,71.652,46.896
63.607,75.567,51.648,63.607,75.567,51.648
69.949,82.855,57.043,69.949,82.855,57.043
76.66,90.064,63.257,76.66,90.064,63.257
75.784,89.123,62.445,75.784,89.123,62.445
71.443,84.456,58.43,71.443,84.456,58.43
65.72,78.101,53.339,65.72,78.101,53.339
55.929,66.836,45.021,55.929,66.836,45.021
49.069,58.982,39.156,49.069,58.982,39.156
50.818,60.94,40.696,50.818,60.94,40.696
51.821,62.551,41.091,51.821,62.551,41.091
53.917,64.958,42.877,53.917,64.958,42.877
58.68,70.492,46.868,58.68,70.492,46.868
63.598,75.473,51.724,63.598,75.473,51.724
69.777,82.279,57.275,69.777,82.279,57.275
75.546,88.855,62.237,75.546,88.855,62.237
75.924,89.562,62.285,75.924,89.562,62.285
72.118,85.346,58.89,72.118,85.346,58.89
63.345,75.537,51.154,63.345,75.537,51.154
55.581,66.114,45.047,55.581,66.114,45.047
49.724,60.074,39.374,49.724,60.074,39.374
50.198,60.53,39.865,50.198,60.53,39.865
51.013,61.682,40.345,51.013,61.682,40.345
54.094,65.069,43.119,54.094,65.069,43.119
58.501,70.54,46.463,58.501,70.54,46.463
63.383,75.362,51.404,63.383,75.362,51.404
71.071,84.165,57.977,71.071,84.165,57.977
75.749,89.25,62.248,75.749,89.25,62.248
76.457,89.962,62.952,76.457,89.962,62.952
73.261,86.406,60.115,73.261,86.406,60.115
65.608,77.985,53.231,65.608,77.985,53.231
56.066,67.226,44.907,56.066,67.226,44.907
49.799,59.631,39.967,49.799,59.631,39.967
50.652,60.925,40.379,50.652,60.925,40.379
51.717,62.095,41.338,51.717,62.095,41.338
54.245,65.312,43.177,54.245,65.312,43.177
58.59,70.949,46.231,58.59,70.949,46.231
64.479,76.667,52.292,64.479,76.667,52.292
70.535,83.505,57.566,70.535,83.505,57.566
75.793,89.259,62.326,75.793,89.259,62.326
75.267,88.998,61.535,75.267,88.998,61.535
72.027,85.486,58.567,72.027,85.486,58.567
63.829,76.146,51.513,63.829,76.146,51.513
56.055,67.044,45.067,56.055,67.044,45.067
50.237,60.249,40.225,50.237,60.249,40.225
50.258,60.454,40.061,50.258,60.454,40.061
50.921,61.053,40.789,50.921,61.053,40.789
53.322,64.174,42.471,53.322,64.174,42.471
58.635,70.432,46.837,58.635,70.432,46.837
63.557,75.524,51.589,63.557,75.524,51.589
69.931,82.788,57.073,69.931,82.788,57.073
75.687,89.23,62.144,75.687,89.23,62.144
74.558,88.098,61.018,74.558,88.098,61.018
72.216,85.175,59.257,72.216,85.175,59.257
62.434,74.308,50.56,62.434,74.308,50.56
54.626,65.798,43.454,54.626,65.798,43.454
48.31,57.934,38.686,48.31,57.934,38.686
48.432,57.856,39.008,48.432,57.856,39.008
50.041,60.153,39.929,50.041,60.153,39.929
54.067,64.716,43.418,54.067,64.716,43.418
57.862,69.617,46.108,57.862,69.617,46.108
64.181,76.182,52.18,64.181,76.182,52.18
69.47,82.063,56.877,69.47,82.063,56.877
75.293,88.66,61.927,75.293,88.66,61.927
75.3,88.907,61.693,75.3,88.907,61.693
71.531,84.601,58.46,71.531,84.601,58.46
63.318,75.475,51.162,63.318,75.475,51.162
55.036,65.974,44.098,55.036,65.974,44.098
48.602,58.539,38.665,48.602,58.539,38.665
49.664,59.777,39.551,49.664,59.777,39.551
50.029,60.495,39.564,50.029,60.495,39.564
53.796,64.569,43.022,53.796,64.569,43.022
57.848,69.472,46.223,57.848,69.472,46.223
63.992,76.372,51.613,63.992,76.372,51.613
69.068,82.052,56.083,69.068,82.052,56.083
74.479,87.819,61.139,74.479,87.819,61.139
75.272,88.842,61.702,75.272,88.842,61.702
70.832,84.33,57.334,70.832,84.33,57.334
63.862,76.168,51.555,63.862,76.168,51.555
55.651,66.915,44.387,55.651,66.915,44.387
48.767,58.804,38.729,48.767,58.804,38.729
49.284,59.512,39.056,49.284,59.512,39.056
52.021,62.51,41.533,52.021,62.51,41.533
53.719,64.971,42.467,53.719,64.971,42.467
57.524,69.549,45.499,57.524,69.549,45.499
64.282,76.747,51.816,64.282,76.747,51.816
70.304,83.218,57.391,70.304,83.218,57.391
75.962,89.533,62.39,75.962,89.533,62.39
75.977,89.481,62.473,75.977,89.481,62.473
71.201,83.961,58.44,71.201,83.961,58.44
63.835,76.175,51.496,63.835,76.175,51.496
54.817,65.876,43.758,54.817,65.876,43.758
48.667,58.636,38.697,48.667,58.636,38.697
49.696,59.685,39.707,49.696,59.685,39.707
51.247,61.55,40.943,51.247,61.55,40.943
54.016,65.22,42.812,54.016,65.22,42.812
58.871,70.836,46.907,58.871,70.836,46.907
63.865,76.141,51.59,63.865,76.141,51.59
70.004,82.81,57.198,70.004,82.81,57.198
75.13,88.234,62.027,75.13,88.234,62.027
76.224,89.721,62.728,76.224,89.721,62.728
72.102,85.278,58.925,72.102,85.278,58.925
62.89,75.051,50.729,62.89,75.051,50.729
55.058,66.037,44.079,55.058,66.037,44.079
49.19,59.106,39.274,49.19,59.106,39.274
49.971,60.343,39.598,49.971,60.343,39.598
50.835,60.938,40.731,50.835,60.938,40.731
53.875,64.371,43.378,53.875,64.371,43.378
57.343,68.701,45.985,57.343,68.701,45.985
63.236,75.303,51.169,63.236,75.303,51.169
71.104,84.228,57.98,71.104,84.228,57.98
75.392,88.768,62.015,75.392,88.768,62.015
75.409,88.898,61.919,75.409,88.898,61.919
72.011,85.296,58.726,72.011,85.296,58.726
63.204,75.464,50.943,63.204,75.464,50.943
54.149,64.694,43.604,54.149,64.694,43.604
49.194,59.283,39.104,49.194,59.283,39.104
50.819,61.115,40.523,50.819,61.115,40.523
50.839,61.034,40.645,50.839,61.034,40.645
53.498,64.415,42.581,53.498,64.415,42.581
58.767,70.674,46.86,58.767,70.674,46.86
63.918,75.83,52.006,63.918,75.83,52.006
69.895,82.559,57.23,69.895,82.559,57.23
74.925,88.361,61.489,74.925,88.361,61.489
75.588,89.125,62.05,75.588,89.125,62.05
71.655,84.67,58.64,71.655,84.67,58.64
64.353,76.096,52.61,64.353,76.096,52.61
54.852,65.665,44.039,54.852,65.665,44.039
49.116,59.142,39.09,49.116,59.142,39.09
49.628,60.056,39.199,49.628,60.056,39.199
50.565,60.065,41.066,50.565,60.065,41.066
53.151,63.816,42.486,53.151,63.816,42.486
57.425,69.207,45.643,57.425,69.207,45.643
63.961,75.887,52.035,63.961,75.887,52.035
70.062,82.987,57.136,70.062,82.987,57.136
75.56,89.124,61.995,75.56,89.124,61.995
75.407,89.24,61.575,75.407,89.24,61.575
71.047,84.188,57.907,71.047,84.188,57.907
64.685,77.223,52.147,64.685,77.223,52.147
55.133,66.018,44.248,55.133,66.018,44.248
48.52,58.119,38.921,48.52,58.119,38.921
49.523,59.32,39.726,49.523,59.32,39.726
50.312,60.404,40.219,50.312,60.404,40.219
53.209,63.938,42.481,53.209,63.938,42.481
59.494,72.028,46.961,59.494,72.028,46.961
63.597,75.607,51.587,63.597,75.607,51.587
70.278,82.986,57.569,70.278,82.986,57.569
75.589,88.999,62.18,75.589,88.999,62.18
75.992,89.8,62.183,75.992,89.8,62.183
72.305,85.569,59.041,72.305,85.569,59.041
65.324,77.355,53.292,65.324,77.355,53.292
54.893,65.642,44.144,54.893,65.642,44.144
49.002,58.943,39.06,49.002,58.943,39.06
50.319,59.992,40.645,50.319,59.992,40.645
51.175,61.683,40.666,51.175,61.683,40.666
54.896,66.085,43.707,54.896,66.085,43.707
58.243,70.527,45.959,58.243,70.527,45.959
64.026,76.164,51.887,64.026,76.164,51.887
70.825,83.749,57.901,70.825,83.749,57.901
75.517,88.94,62.095,75.517,88.94,62.095
75.851,89.372,62.331,75.851,89.372,62.331
71.963,85.17,58.756,71.963,85.17,58.756
64.616,76.655,52.576,64.616,76.655,52.576
56.167,67.115,45.219,56.167,67.115,45.219
49.231,59.359,39.103,49.231,59.359,39.103
50.322,60.939,39.704,50.322,60.939,39.704
51.509,62.01,41.007,51.509,62.01,41.007
54.678,65.907,43.45,54.678,65.907,43.45
58.782,71.122,46.442,58.782,71.122,46.442
63.703,75.705,51.701,63.703,75.705,51.701
69.38,82.142,56.618,69.38,82.142,56.618
75.799,89.263,62.336,75.799,89.263,62.336
76.7,90.287,63.112,76.7,90.287,63.112
72.273,85.531,59.015,72.273,85.531,59.015
64.515,76.071,52.959,64.515,76.071,52.959
54.942,65.887,43.997,54.942,65.887,43.997
50.105,60.342,39.868,50.105,60.342,39.868
49.994,60.421,39.567,49.994,60.421,39.567
51.534,62.067,41.002,51.534,62.067,41.002
54.062,64.757,43.366,54.062,64.757,43.366
59.175,71.009,47.34,59.175,71.009,47.34
63.167,74.731,51.604,63.167,74.731,51.604
69.016,81.817,56.216,69.016,81.817,56.216
74.776,88.113,61.44,74.776,88.113,61.44
75.61,88.985,62.235,75.61,88.985,62.235
71.768,84.888,58.649,71.768,84.888,58.649
64.176,76.029,52.322,64.176,76.029,52.322
54.604,65.101,44.107,54.604,65.101,44.107
49.374,59.494,39.255,49.374,59.494,39.255
50.163,60.229,40.098,50.163,60.229,40.098
51.462,61.637,41.287,51.462,61.637,41.287
53.925,64.664,43.187,53.925,64.664,43.187
58.465,70.84,46.091,58.465,70.84,46.091
64.228,76.591,51.864,64.228,76.591,51.864
69.962,82.787,57.136,69.962,82.787,57.136
76.388,89.717,63.06,76.388,89.717,63.06
76.166,89.648,62.683,76.166,89.648,62.683
72.628,85.893,59.362,72.628,85.893,59.362
63.655,75.892,51.419,63.655,75.892,51.419
54.659,65.175,44.144,54.659,65.175,44.144
49.577,59.921,39.233,49.577,59.921,39.233
49.649,59.761,39.537,49.649,59.761,39.537
52.021,62.245,41.798,52.021,62.245,41.798
54.171,65.284,43.057,54.171,65.284,43.057
57.631,69.254,46.008,57.631,69.254,46.008
64.805,76.754,52.855,64.805,76.754,52.855
69.646,82.085,57.208,69.646,82.085,57.208
76.73,90.107,63.353,76.73,90.107,63.353
76.914,90.583,63.245,76.914,90.583,63.245
73.016,86.348,59.684,73.016,86.348,59.684
65.06,77.229,52.891,65.06,77.229,52.891
55.16,66.378,43.941,55.16,66.378,43.941
50.995,61.247,40.743,50.995,61.247,40.743
50.61,60.348,40.872,50.61,60.348,40.872
51.615,62.092,41.138,51.615,62.092,41.138
54.805,65.915,43.695,54.805,65.915,43.695
58.632,70.625,46.639,58.632,70.625,46.639
64.769,76.835,52.703,64.769,76.835,52.703
70.386,83.06,57.711,70.386,83.06,57.711
76.872,90.169,63.575,76.872,90.169,63.575
77.095,90.36,63.829,77.095,90.36,63.829
72.363,85.341,59.385,72.363,85.341,59.385
64.366,76.39,52.342,64.366,76.39,52.342
55.832,66.816,44.847,55.832,66.816,44.847
49.701,60.036,39.365,49.701,60.036,39.365
50.466,61.179,39.754,50.466,61.179,39.754
51.836,62.222,41.45,51.836,62.222,41.45
54.233,65.657,42.81,54.233,65.657,42.81
57.786,69.5,46.072,57.786,69.5,46.072
64.495,76.529,52.46,64.495,76.529,52.46
70.497,83.554,57.44,70.497,83.554,57.44
76.589,90.205,62.974,76.589,90.205,62.974
76.379,89.999,62.759,76.379,89.999,62.759
72.029,85.375,58.684,72.029,85.375,58.684
64.665,77.267,52.063,64.665,77.267,52.063
55.043,66.279,43.807,55.043,66.279,43.807
49.31,59.11,39.51,49.31,59.11,39.51
49.815,59.723,39.907,49.815,59.723,39.907
51.287,61.37,41.204,51.287,61.37,41.204
55.259,66.703,43.815,55.259,66.703,43.815
58.549,70.561,46.537,58.549,70.561,46.537
63.875,76.041,51.708,63.875,76.041,51.708
70.532,83.393,57.672,70.532,83.393,57.672
75.886,89.33,62.443,75.886,89.33,62.443
75.338,89.01,61.666,75.338,89.01,61.666
71.79,85.369,58.211,71.79,85.369,58.211
64.975,77.778,52.171,64.975,77.778,52.171
57.119,68.978,45.259,57.119,68.978,45.259
50.358,60.798,39.919,50.358,60.798,39.919
50.269,60.438,40.099,50.269,60.438,40.099
50.804,61.126,40.481,50.804,61.126,40.481
53.537,64.62,42.454,53.537,64.62,42.454
59.066,71.701,46.431,59.066,71.701,46.431
64.039,76.639,51.439,64.039,76.639,51.439
70.388,83.446,57.33,70.388,83.446,57.33
76.579,90.039,63.12,76.579,90.039,63.12
76.563,90.266,62.859,76.563,90.266,62.859
72.84,86.399,59.28,72.84,86.399,59.28
64.842,77.208,52.475,64.842,77.208,52.475
55.223,66.507,43.939,55.223,66.507,43.939
50.047,60.587,39.508,50.047,60.587,39.508
49.462,60.095,38.828,49.462,60.095,38.828
51.81,62.596,41.024,51.81,62.596,41.024
55.858,67.358,44.359,55.858,67.358,44.359
59.032,70.819,47.246,59.032,70.819,47.246
63.415,75.474,51.357,63.415,75.474,51.357
70.755,84.009,57.501,70.755,84.009,57.501
75.533,88.812,62.254,75.533,88.812,62.254
75.978,89.398,62.558,75.978,89.398,62.558
71.513,84.828,58.197,71.513,84.828,58.197
63.343,75.423,51.263,63.343,75.423,51.263
54.018,64.69,43.346,54.018,64.69,43.346
49.372,59.553,39.191,49.372,59.553,39.191
49.795,59.396,40.193,49.795,59.396,40.193
51.315,61.513,41.116,51.315,61.513,41.116
54.633,65.425,43.841,54.633,65.425,43.841
58.132,69.719,46.544,58.132,69.719,46.544
63.151,74.788,51.513,63.151,74.788,51.513
69.897,82.437,57.358,69.897,82.437,57.358
75.325,88.698,61.952,75.325,88.698,61.952
75.216,88.707,61.725,75.216,88.707,61.725
70.656,83.802,57.51,70.656,83.802,57.51
63.521,75.716,51.325,63.521,75.716,51.325
54.84,66.11,43.571,54.84,66.11,43.571
49.486,59.408,39.564,49.486,59.408,39.564
49.83,59.897,39.763,49.83,59.897,39.763
51.089,60.844,41.334,51.089,60.844,41.334
54.844,65.994,43.694,54.844,65.994,43.694
59.745,71.987,47.502,59.745,71.987,47.502
64.843,76.639,53.046,64.843,76.639,53.046
69.842,82.368,57.316,69.842,82.368,57.316
75.6,88.752,62.447,75.6,88.752,62.447
76.261,89.992,62.529,76.261,89.992,62.529
72.272,85.499,59.045,72.272,85.499,59.045
64.363,76.838,51.887,64.363,76.838,51.887
55.173,66.031,44.315,55.173,66.031,44.315
49.092,59.215,38.969,49.092,59.215,38.969
49.951,59.846,40.057,49.951,59.846,40.057
51.054,61.023,41.085,51.054,61.023,41.085
54.391,65.655,43.126,54.391,65.655,43.126
58.708,71.048,46.368,58.708,71.048,46.368
63.92,76.187,51.652,63.92,76.187,51.652
71.147,83.967,58.328,71.147,83.967,58.328
75.951,89.347,62.556,75.951,89.347,62.556
76.233,90.007,62.458,76.233,90.007,62.458
73.227,86.565,59.888,73.227,86.565,59.888
64.197,76.268,52.127,64.197,76.268,52.127
56.055,66.872,45.237,56.055,66.872,45.237
49.337,59.39,39.285,49.337,59.39,39.285
50.976,61.156,40.795,50.976,61.156,40.795
52.082,62.616,41.548,52.082,62.616,41.548
55.124,66.573,43.676,55.124,66.573,43.676
59.115,71.15,47.08,59.115,71.15,47.08
65.316,77.271,53.361,65.316,77.271,53.361
71.039,83.733,58.345,71.039,83.733,58.345
76.957,90.399,63.515,76.957,90.399,63.515
75.918,89.539,62.297,75.918,89.539,62.297
72.956,86.282,59.629,72.956,86.282,59.629
65.205,77.819,52.59,65.205,77.819,52.59
55.979,66.877,45.082,55.979,66.877,45.082
50.806,60.655,40.958,50.806,60.655,40.958
50.523,60.413,40.634,50.523,60.413,40.634
50.966,60.783,41.148,50.966,60.783,41.148
54.481,65.264,43.697,54.481,65.264,43.697
57.452,69.172,45.732,57.452,69.172,45.732
63.173,74.743,51.602,63.173,74.743,51.602
70.089,82.667,57.512,70.089,82.667,57.512
76.793,90.141,63.444,76.793,90.141,63.444
76.555,90.111,62.998,76.555,90.111,62.998
73.245,86.575,59.915,73.245,86.575,59.915
66.014,78.827,53.2,66.014,78.827,53.2
57.194,68.582,45.806,57.194,68.582,45.806
49.502,59.591,39.413,49.502,59.591,39.413
50.571,60.441,40.701,50.571,60.441,40.701
52.353,63.042,41.664,52.353,63.042,41.664
54.786,65.861,43.711,54.786,65.861,43.711
59.309,71.21,47.408,59.309,71.21,47.408
64.576,76.943,52.209,64.576,76.943,52.209
71.74,84.62,58.861,71.74,84.62,58.861
76.578,89.971,63.184,76.578,89.971,63.184
76.403,89.904,62.903,76.403,89.904,62.903
73.367,86.71,60.025,73.367,86.71,60.025
65.348,77.481,53.216,65.348,77.481,53.216
56.513,67.5,45.526,56.513,67.5,45.526
50.055,60.094,40.016,50.055,60.094,40.016
50.779,60.946,40.613,50.779,60.946,40.613
51.865,61.984,41.747,51.865,61.984,41.747
54.543,65.522,43.565,54.543,65.522,43.565
59.5,71.483,47.516,59.5,71.483,47.516
65.437,77.575,53.299,65.437,77.575,53.299
70.654,83.433,57.874,70.654,83.433,57.874
77.261,90.654,63.868,77.261,90.654,63.868
77.618,91.007,64.23,77.618,91.007,64.23
72.904,85.952,59.856,72.904,85.952,59.856
65.247,77.185,53.309,65.247,77.185,53.309
55.937,67.106,44.768,55.937,67.106,44.768
50.127,60.794,39.46,50.127,60.794,39.46
50.763,61.357,40.17,50.763,61.357,40.17
52.269,62.988,41.55,52.269,62.988,41.55
54.615,65.727,43.503,54.615,65.727,43.503
57.691,69.854,45.528,57.691,69.854,45.528
65.118,77.629,52.607,65.118,77.629,52.607
70.582,83.415,57.749,70.582,83.415,57.749
76.264,89.77,62.757,76.264,89.77,62.757
76.599,90.167,63.032,76.599,90.167,63.032
73.041,86.416,59.666,73.041,86.416,59.666
66.147,78.952,53.341,66.147,78.952,53.341
56.654,68.007,45.3,56.654,68.007,45.3
49.773,60.03,39.516,49.773,60.03,39.516
50.626,60.455,40.797,50.626,60.455,40.797
51.441,61.749,41.132,51.441,61.749,41.132
54.351,65.366,43.337,54.351,65.366,43.337
60.347,72.505,48.189,60.347,72.505,48.189
64.652,76.664,52.639,64.652,76.664,52.639
70.942,83.918,57.966,70.942,83.918,57.966
76.981,90.381,63.581,76.981,90.381,63.581
76.939,90.401,63.478,76.939,90.401,63.478
72.242,85.127,59.356,72.242,85.127,59.356
63.858,75.956,51.759,63.858,75.956,51.759
56.988,68.531,45.446,56.988,68.531,45.446
49.541,59.422,39.659,49.541,59.422,39.659
51.264,61.712,40.816,51.264,61.712,40.816
52.369,62.607,42.131,52.369,62.607,42.131
55.268,66.164,44.373,55.268,66.164,44.373
58.711,70.51,46.912,58.711,70.51,46.912
64.061,75.91,52.211,64.061,75.91,52.211
70.214,82.97,57.458,70.214,82.97,57.458
75.374,88.75,61.998,75.374,88.75,61.998
75.922,89.31,62.534,75.922,89.31,62.534
71.889,84.888,58.889,71.889,84.888,58.889
63.36,75.515,51.204,63.36,75.515,51.204
54.729,65.774,43.684,54.729,65.774,43.684
49.398,59.352,39.444,49.398,59.352,39.444
48.546,58.347,38.745,48.546,58.347,38.745
50.889,61.17,40.608,50.889,61.17,40.608
53.759,64.338,43.18,53.759,64.338,43.18
56.433,67.533,45.333,56.433,67.533,45.333
63.896,75.94,51.851,63.896,75.94,51.851
69.887,82.774,57.001,69.887,82.774,57.001
75.812,89.104,62.521,75.812,89.104,62.521
76.925,90.469,63.381,76.925,90.469,63.381
71.765,84.77,58.761,71.765,84.77,58.761
64.041,76.436,51.646,64.041,76.436,51.646
56.262,67.65,44.874,56.262,67.65,44.874
50.289,60.325,40.252,50.289,60.325,40.252
51.32,61.689,40.951,51.32,61.689,40.951
52.381,63.045,41.716,52.381,63.045,41.716
54.585,65.524,43.647,54.585,65.524,43.647
58.298,70.256,46.341,58.298,70.256,46.341
65.274,77.681,52.867,65.274,77.681,52.867
72.195,85.484,58.906,72.195,85.484,58.906
76.993,90.402,63.584,76.993,90.402,63.584
76.268,90.014,62.522,76.268,90.014,62.522
72.825,86.067,59.583,72.825,86.067,59.583
65.537,78.297,52.776,65.537,78.297,52.776
54.902,65.77,44.034,54.902,65.77,44.034
49.386,59.091,39.682,49.386,59.091,39.682
50.387,60.688,40.087,50.387,60.688,40.087
50.258,60.39,40.126,50.258,60.39,40.126
54.66,65.515,43.805,54.66,65.515,43.805
59.673,71.9,47.446,59.673,71.9,47.446
64.091,76.417,51.764,64.091,76.417,51.764
71.161,84.247,58.075,71.161,84.247,58.075
75.966,89.479,62.454,75.966,89.479,62.454
77.031,90.82,63.242,77.031,90.82,63.242
73.106,86.447,59.766,73.106,86.447,59.766
65.02,77.403,52.637,65.02,77.403,52.637
55.658,67.049,44.268,55.658,67.049,44.268
50.516,60.76,40.272,50.516,60.76,40.272
51.385,61.944,40.826,51.385,61.944,40.826
51.657,61.993,41.321,51.657,61.993,41.321
54.298,65.168,43.428,54.298,65.168,43.428
57.333,69.285,45.381,57.333,69.285,45.381
63.482,75.492,51.471,63.482,75.492,51.471
70.524,83.44,57.609,70.524,83.44,57.609
76.414,89.848,62.981,76.414,89.848,62.981
76.857,90.296,63.418,76.857,90.296,63.418
72.466,85.665,59.267,72.466,85.665,59.267
64.915,77.356,52.473,64.915,77.356,52.473
55.09,65.933,44.248,55.09,65.933,44.248
51.059,61.14,40.978,51.059,61.14,40.978
51.49,61.661,41.318,51.49,61.661,41.318
51.169,60.902,41.435,51.169,60.902,41.435
53.352,64.084,42.62,53.352,64.084,42.62
58.708,70.906,46.509,58.708,70.906,46.509
64.302,76.449,52.155,64.302,76.449,52.155
70.787,83.738,57.836,70.787,83.738,57.836
77.175,90.519,63.831,77.175,90.519,63.831
76.708,90.133,63.282,76.708,90.133,63.282
73.632,86.866,60.398,73.632,86.866,60.398
65.041,77.54,52.542,65.041,77.54,52.542
56.69,68.103,45.276,56.69,68.103,45.276
51.298,61.751,40.844,51.298,61.751,40.844
50.914,61.022,40.806,50.914,61.022,40.806
52.149,62.502,41.797,52.149,62.502,41.797
55.718,67.107,44.33,55.718,67.107,44.33
58.339,70.359,46.319,58.339,70.359,46.319
64.83,77.098,52.563,64.83,77.098,52.563
71.122,84.157,58.086,71.122,84.157,58.086
77.515,90.776,64.255,77.515,90.776,64.255
77.311,90.803,63.819,77.311,90.803,63.819
74.256,87.635,60.878,74.256,87.635,60.878
65.895,78.138,53.652,65.895,78.138,53.652
57.053,68.146,45.96,57.053,68.146,45.96
49.458,59.556,39.361,49.458,59.556,39.361
49.538,59.403,39.674,49.538,59.403,39.674
51.246,60.982,41.509,51.246,60.982,41.509
54.845,65.593,44.097,54.845,65.593,44.097
59.027,70.666,47.388,59.027,70.666,47.388
66.041,78.369,53.712,66.041,78.369,53.712
71.31,84.192,58.429,71.31,84.192,58.429
77.184,90.691,63.678,77.184,90.691,63.678
78.046,91.648,64.444,78.046,91.648,64.444
73.404,86.417,60.391,73.404,86.417,60.391
65.355,77.903,52.806,65.355,77.903,52.806
56.877,68.448,45.306,56.877,68.448,45.306
49.804,60.328,39.28,49.804,60.328,39.28
49.751,59.745,39.756,49.751,59.745,39.756
52.057,62.167,41.947,52.057,62.167,41.947
55.089,65.835,44.343,55.089,65.835,44.343
59.54,71.506,47.574,59.54,71.506,47.574
66.792,79.304,54.28,66.792,79.304,54.28
72.071,85.224,58.918,72.071,85.224,58.918
77.57,91.132,64.007,77.57,91.132,64.007
77.642,91.18,64.103,77.642,91.18,64.103
74.369,87.444,61.294,74.369,87.444,61.294
65.917,78.278,53.557,65.917,78.278,53.557
56.663,68.024,45.303,56.663,68.024,45.303
49.77,59.738,39.803,49.77,59.738,39.803
50.224,60.116,40.332,50.224,60.116,40.332
51.664,61.965,41.364,51.664,61.965,41.364
54.711,65.91,43.511,54.711,65.91,43.511
58.667,70.435,46.898,58.667,70.435,46.898
65.38,77.344,53.416,65.38,77.344,53.416
70.565,83.091,58.039,70.565,83.091,58.039
77.121,90.695,63.547,77.121,90.695,63.547
77.833,91.627,64.04,77.833,91.627,64.04
73.288,86.46,60.115,73.288,86.46,60.115
65.988,78.478,53.497,65.988,78.478,53.497
57.172,68.725,45.618,57.172,68.725,45.618
50.329,60.627,40.032,50.329,60.627,40.032
50.833,60.918,40.748,50.833,60.918,40.748
52.023,62.398,41.648,52.023,62.398,41.648
56.476,68.121,44.831,56.476,68.121,44.831
59.341,71.555,47.127,59.341,71.555,47.127
65.842,78.093,53.591,65.842,78.093,53.591
72.625,85.819,59.432,72.625,85.819,59.432
77.666,91.092,64.24,77.666,91.092,64.24
77.804,91.502,64.106,77.804,91.502,64.106
73.748,87.083,60.413,73.748,87.083,60.413
66.761,79.287,54.236,66.761,79.287,54.236
57.497,68.884,46.11,57.497,68.884,46.11
50.734,60.665,40.804,50.734,60.665,40.804
50.269,60.013,40.526,50.269,60.013,40.526
51.851,62.154,41.548,51.851,62.154,41.548
55.836,67.098,44.574,55.836,67.098,44.574
58.891,70.811,46.97,58.891,70.811,46.97
65.515,77.791,53.24,65.515,77.791,53.24
70.95,83.918,57.981,70.95,83.918,57.981
77.426,91.122,63.729,77.426,91.122,63.729
78.418,92.101,64.734,78.418,92.101,64.734
74.292,87.745,60.84,74.292,87.745,60.84
64.963,77.232,52.694,64.963,77.232,52.694
56.414,67.228,45.6,56.414,67.228,45.6
49.446,59.138,39.753,49.446,59.138,39.753
49.997,59.774,40.22,49.997,59.774,40.22
52.702,63.136,42.268,52.702,63.136,42.268
55.246,66.304,44.187,55.246,66.304,44.187
59.421,71.42,47.423,59.421,71.42,47.423
66.62,79.128,54.111,66.62,79.128,54.111
71.608,84.72,58.497,71.608,84.72,58.497
78.259,91.698,64.821,78.259,91.698,64.821
77.601,91.22,63.981,77.601,91.22,63.981
73.31,86.516,60.104,73.31,86.516,60.104
66.822,79.053,54.59,66.822,79.053,54.59
55.309,66.346,44.271,55.309,66.346,44.271
51.293,61.649,40.938,51.293,61.649,40.938
50.873,61.124,40.622,50.873,61.124,40.622
53.213,63.09,43.335,53.213,63.09,43.335
54.436,65.365,43.507,54.436,65.365,43.507
59.588,71.858,47.318,59.588,71.858,47.318
64.234,76.468,52,64.234,76.468,52
71.802,84.981,58.623,71.802,84.981,58.623
77.354,90.96,63.748,77.354,90.96,63.748
78.382,92.075,64.689,78.382,92.075,64.689
73.432,86.635,60.229,73.432,86.635,60.229
65.167,77.512,52.821,65.167,77.512,52.821
56.314,67.517,45.111,56.314,67.517,45.111
51.252,61.603,40.901,51.252,61.603,40.901
51.082,61.593,40.57,51.439,62.472,40.407
52.679,63.157,42.202,53.293,64.04,42.545
56.321,68.202,44.44,56.631,68.243,45.018
58.169,69.998,46.34,59.385,71.062,47.708
64.956,77.376,52.537,65.81,78.434,53.186
71.398,84.443,58.353,71.381,84.503,58.259
77.955,91.794,64.117,77.314,90.908,63.72
77.659,91.276,64.042,77.898,91.381,64.416
73.117,86.501,59.732,73.693,87.061,60.326
66.199,78.765,53.633,65.851,78.181,53.521
57.739,69.07,46.408,56.05,67.087,45.013
51.034,61.135,40.934,50.681,61.443,39.92
51.494,61.777,41.21,51.527,62.062,40.991
53.625,64.55,42.701,52.558,63.114,42.002
56.554,68.346,44.761,55.514,66.938,44.09
60.492,72.889,48.095,59.348,71.523,47.174
66.535,79.31,53.761,64.943,77.065,52.821
72.07,85.101,59.038,72.408,85.375,59.441
76.693,89.993,63.393,77.571,90.926,64.216
76.681,90.253,63.109,77.832,91.503,64.161
74.112,87.5,60.724,73.718,86.754,60.682
66.233,78.474,53.993,65.438,77.904,52.972
56.963,68.017,45.909,56.356,67.573,45.138
49.976,59.754,40.199,50.321,60.985,39.658
50.912,60.769,41.056,51.678,62.289,41.067
52.402,62.265,42.539,52.113,62.544,41.683
54.142,64.822,43.463,55.238,66.571,43.906
59.309,71.404,47.213,60.349,72.872,47.825
65.839,78.147,53.53,65.951,78.504,53.398
71.746,84.638,58.853,71.39,84.388,58.392
77.21,90.467,63.953,77.301,90.701,63.9
77.4,90.887,63.912,77.438,91.043,63.834
73.681,87.226,60.136,75.151,88.194,62.108
65.856,78.737,52.975,64.73,76.559,52.902
56.531,68.02,45.041,55.917,66.613,45.221
50.213,60.878,39.548,49.906,59.777,40.036
51.496,62.23,40.762,51.088,61.236,40.939
52.894,63.051,42.736,52.719,62.77,42.669
56.211,67.631,44.79,57.338,68.511,46.165
59.977,71.971,47.983,59.264,70.557,47.972
65.781,78.545,53.016,64.8,76.63,52.97
71.623,84.723,58.523,72.333,85.266,59.399
76.924,90.45,63.399,77.049,90.476,63.621
77.724,91.421,64.027,77.683,91.138,64.228
73.673,87.127,60.218,73.993,87.062,60.924
65.59,77.698,53.482,65.698,78.147,53.248
56.88,67.663,46.097,56.123,67.214,45.031
50.706,60.562,40.85,50.369,60.205,40.532
51.539,61.966,41.113,50.857,60.623,41.092
52.296,62.791,41.8,52.465,62.589,42.341
56.301,67.846,44.755,55.846,67.144,44.547
59.809,71.981,47.637,59.991,72.112,47.87
65.16,77.518,52.802,65.676,77.749,53.603
70.911,83.882,57.94,69.867,82.408,57.326
76.747,90.355,63.138,77.834,91.363,64.306
77.603,91.214,63.993,76.64,90.459,62.82
74.011,87.266,60.756,73.129,86.391,59.867
66.004,78.254,53.753,64.929,77.036,52.822
56.74,68.006,45.475,55.965,67.008,44.922
51.784,62.231,41.336,50.033,59.858,40.209
51.065,60.901,41.229,50.858,61.454,40.262
52.292,62.719,41.865,52.375,62.384,42.365
55.743,67.285,44.202,54.611,65.709,43.514
60.397,72.847,47.946,59.675,72.16,47.188
65.722,78.027,53.416,65.485,78.089,52.88
70.673,83.589,57.757,71.729,84.944,58.514
76.149,89.629,62.67,77.758,91.39,64.126
77.638,91.25,64.027,78.051,91.357,64.744
73.091,86.416,59.766,74.232,87.543,60.92
66.425,78.935,53.916,66.266,78.564,53.969
56.591,67.879,45.304,57.913,69.568,46.258
51.108,61.378,40.838,52.432,63.109,41.756
52.305,62.734,41.876,52.895,63.521,42.269
52.564,63.314,41.814,53.87,64.46,43.28
56.275,67.609,44.942,55.665,66.951,44.378
60.364,72.593,48.134,60.757,73.187,48.326
65.882,78.324,53.441,66.905,79.59,54.221
72.299,85.504,59.095,72.195,85.185,59.205
77.805,91.279,64.332,78.897,92.247,65.547
78.326,92.078,64.575,78.319,91.713,64.926
74.325,87.539,61.11,74.886,88.266,61.506
66.392,78.642,54.142,66.535,78.814,54.256
57.111,68.393,45.828,57.109,68.203,46.014
51.654,62.317,40.991,50.485,60.801,40.169
50.726,60.977,40.474,51.166,61.484,40.848
52.297,62.808,41.786,52.826,63.192,42.46
55.322,66.217,44.428,56.242,67.657,44.826
59.526,71.445,47.606,58.91,70.685,47.134
66.15,78.43,53.871,64.132,76.018,52.247
71.715,84.571,58.859,71.116,83.858,58.375
76.653,90.004,63.302,76.179,89.666,62.692
77.309,90.803,63.815,77.557,91.156,63.958
74.727,87.838,61.615,73.923,86.912,60.934
66.668,79.167,54.169,65.148,77.056,53.241
56.378,67.317,45.44,57.632,69.064,46.2
51.003,61.015,40.992,50.196,60.132,40.26
50.862,60.431,41.293,52.096,62.416,41.776
52.215,62.295,42.136,53.143,63.882,42.405
54.476,65.132,43.82,55.723,66.952,44.493
59.859,71.812,47.906,58.262,70.083,46.441
65.488,77.864,53.111,65.34,77.474,53.205
72.873,85.835,59.911,72.432,85.38,59.484
76.501,89.866,63.135,77.559,90.744,64.375
77.306,90.804,63.809,78.583,92.35,64.816
73.959,87.036,60.881,74.209,87.555,60.864
66.828,79.612,54.044,66.43,78.887,53.973
55.749,66.545,44.953,57.048,67.859,46.236
51.683,62.441,40.925,50.924,61.075,40.772
52.262,62.741,41.784,51.575,61.784,41.366
50.988,60.993,40.983,52.862,62.81,42.915
55.895,67.072,44.718,55.546,66.368,44.723
60.294,72.331,48.257,59.538,71.285,47.791
65.997,78.369,53.626,65.508,77.853,53.163
72.159,85.141,59.178,72.285,85.412,59.158
77.183,90.626,63.74,78.159,91.479,64.84
77.234,90.718,63.751,78.048,91.533,64.564
73.563,86.899,60.226,73.953,87.126,60.779
66.193,78.723,53.663,65.372,77.624,53.119
57.55,68.812,46.288,57.671,68.889,46.454
50.881,61.469,40.292,51.285,61.854,40.717
51.513,61.402,41.624,51.604,61.492,41.715
52.85,63.125,42.574,52.565,62.533,42.598
55.175,66.044,44.305,55.212,66.184,44.239
59.855,72.248,47.461,58.679,70.547,46.81
66.506,78.859,54.152,65.8,77.831,53.77
71.272,84.022,58.522,72.576,85.443,59.709
77.693,91.165,64.222,77.025,90.404,63.646
77.715,91.295,64.135,78.733,92.375,65.091
73.121,86.143,60.098,75.166,88.419,61.914
64.909,76.99,52.828,66.125,78.319,53.93
57.587,68.527,46.646,57.279,68.162,46.397
49.996,59.654,40.339,51.872,62.158,41.586
51.721,62.053,41.388,51.675,61.504,41.846
53.659,64.15,43.168,54.002,64.251,43.753
55.347,66.24,44.453,56.327,66.86,45.793
59.146,70.765,47.528,60.543,72.445,48.641
65.425,77.816,53.035,66.337,78.576,54.098
70.718,83.689,57.748,72.421,85.651,59.191
76.983,90.366,63.6,77.252,90.562,63.942
77.407,91.045,63.77,77.649,91.199,64.099
73.876,87.26,60.491,74.285,87.545,61.026
65.842,77.949,53.736,66.03,78.357,53.703
56.609,67.838,45.38,57.62,68.745,46.495
50.431,60.926,39.936,50.874,60.312,41.436
52.605,62.952,42.257,50.926,60.482,41.37
52.964,63.173,42.756,53.33,63.555,43.104
55.555,66.598,44.512,55.703,66.851,44.556
59.053,70.844,47.262,60.115,72.516,47.714
65.358,77.696,53.019,65.715,78.132,53.299
71.714,84.507,58.921,73.257,86.366,60.149
78.022,91.526,64.519,77.594,90.955,64.234
77.617,91.126,64.108,78.934,92.299,65.568
74.925,88.082,61.769,75.226,88.477,61.974
66.094,78.636,53.553,66.574,78.915,54.234
57.17,68.264,46.076,57.263,68.432,46.093
50.898,61.478,40.317,51.394,61.922,40.866
53.402,64.263,42.541,51.634,61.954,41.315
52.51,62.949,42.071,51.916,61.747,42.084
55.449,66.779,44.119,56.093,67.492,44.693
59.364,71.626,47.101,61.105,73.28,48.93
65.762,78.328,53.196,65.733,77.92,53.546
72.888,85.793,59.984,72.001,84.639,59.363
76.755,90.334,63.175,77.692,91.084,64.301
78.112,91.907,64.317,77.73,91.181,64.278
72.987,86.131,59.843,74.435,87.582,61.288
68.098,81.174,55.022,67.04,78.987,55.093
57.197,68.503,45.892,56.873,68.011,45.735
50.215,60.373,40.058,50.206,60.316,40.095
52.554,63.207,41.9,51.981,62.652,41.309
52.729,63.063,42.395,53.384,64.022,42.745
56.198,67.724,44.671,57.874,69.876,45.872
59.63,71.866,47.395,60.975,73.574,48.376
65.287,77.393,53.181,65.749,78.135,53.363
71.692,84.648,58.735,72.527,85.547,59.506
75.721,89.062,62.38,77.996,91.315,64.677
77.856,91.427,64.284,79.111,92.655,65.567
74.429,87.56,61.299,74.962,88.317,61.606
65.699,78.194,53.203,66.172,78.467,53.878
57.325,68.679,45.97,57.437,68.358,46.516
51.185,61.332,41.038,51.209,61.026,41.393
52.016,62.314,41.718,50.282,59.699,40.865
51.564,61.533,41.595,51.952,62.272,41.633
55.49,66.691,44.289,56.551,68.359,44.743
59.098,71.31,46.886,60.245,72.436,48.054
65.74,78.269,53.211,66.673,78.812,54.535
71.649,84.439,58.86,71.677,84.648,58.706
77.488,90.706,64.27,77.512,90.969,64.055
78.037,91.697,64.376,78.44,91.975,64.905
74.342,87.468,61.216,74.318,87.534,61.102
66.607,79.141,54.073,66.141,78.431,53.851
57.037,68.106,45.968,55.911,67.072,44.749
50.603,60.708,40.497,51.291,61.507,41.076
52.454,63.193,41.715,53.043,63.565,42.521
52.846,62.945,42.747,54.256,65.168,43.344
55.171,66.192,44.15,57.365,69.156,45.574
61.247,73.501,48.992,59.323,71.13,47.517
66.51,78.801,54.219,66.548,78.949,54.148
72.6,85.471,59.728,72.194,85.228,59.159
78.034,91.261,64.806,78.93,92.408,65.451
79.556,93.001,66.11,79.106,92.485,65.726
75.393,88.494,62.292,76.105,89.404,62.807
67.122,79.547,54.697,68.186,80.728,55.643
58.178,69.67,46.685,57.749,68.965,46.533
50.415,60.548,40.283,51.023,60.93,41.116
51.46,61.901,41.018,53.286,63.41,43.161
53.14,63.584,42.695,53.924,64.742,43.107
56.551,68.021,45.082,56.247,67.383,45.111
61.058,72.898,49.217,60.567,72.416,48.718
65.427,77.402,53.453,66.447,78.52,54.374
72.476,85.325,59.628,72.766,85.66,59.873
78.495,91.78,65.21,78.291,91.824,64.758
77.822,91.328,64.317,79.191,92.853,65.529
72.937,85.951,59.922,74.801,87.8,61.802
66.369,78.319,54.419,67.252,79.833,54.67
58.339,69.841,46.838,56.992,68.07,45.913
51.908,61.872,41.944,52.245,62.618,41.872
52.58,62.944,42.215,52.826,63.307,42.345
54.49,64.938,44.042,53.335,63.914,42.756
55.657,66.833,44.48,56.761,68.036,45.486
60.435,72.762,48.109,60.571,72.54,48.602
65.881,78.279,53.483,66.462,78.957,53.967
73.641,86.74,60.542,72.759,85.855,59.662
78.647,92.081,65.214,78.483,92.038,64.929
78.834,92.465,65.202,78.87,92.449,65.29
73.855,86.81,60.899,75.209,88.491,61.927
67.432,80.135,54.728,66.158,78.212,54.104
57.714,68.883,46.545,57.914,69.073,46.756
51.779,62.467,41.092,52.605,63.115,42.095
52.144,62.391,41.896,52.752,63.001,42.503
51.833,60.896,42.769,54.119,64.596,43.641
56.031,67.03,45.031,57.147,68.039,46.256
59.625,71.423,47.827,60.352,72.071,48.634
65.791,77.985,53.597,66.446,78.563,54.33
72.542,85.621,59.464,73.949,87.077,60.821
78.946,92.546,65.345,78.075,91.545,64.605
79.153,92.769,65.537,78.924,92.461,65.386
74.728,88.012,61.443,75.405,88.64,62.169
67.052,78.944,55.16,68.403,80.823,55.983
57.197,68.165,46.228,57.491,68.54,46.442
51.196,61.061,41.332,50.953,60.935,40.972
52.651,63.108,42.194,52.708,62.957,42.459
53.383,63.062,43.704,53.978,64.223,43.732
56.598,67.621,45.574,55.807,67.086,44.529
61.466,73.51,49.423,61.137,73.06,49.213
67.61,80.165,55.054,65.643,78.026,53.259
72.777,85.464,60.091,72.389,84.931,59.846
77.915,91.168,64.662,78.458,91.717,65.198
79.36,92.907,65.813,79.204,92.918,65.491
74.826,88.147,61.506,75.637,89.088,62.185
67.193,79.877,54.508,68.353,80.778,55.928
57.639,68.741,46.537,58.381,69.636,47.126
52.199,62.831,41.566,52.498,62.524,42.471
52.016,61.872,42.161,51.093,60.389,41.798
51.971,61.977,41.966,52.435,62.307,42.564
56.703,67.879,45.528,55.774,66.378,45.17
60.1,71.934,48.267,60.611,72.559,48.663
66.964,79.113,54.815,66.82,79.416,54.225
72.166,84.888,59.444,71.461,84.23,58.691
77.755,91.261,64.248,77.777,91.075,64.479
78.812,92.317,65.307,78.632,92.204,65.06
74.866,88.149,61.582,73.737,87.073,60.402
66.127,78.334,53.921,66.488,78.903,54.074
57.294,68.376,46.212,57.511,68.474,46.548
51.467,61.74,41.195,50.962,60.943,40.981
51.029,60.913,41.145,53.612,64.27,42.955
53.373,64.379,42.366,54.779,65.209,44.35
57.024,68.207,45.84,55.544,66.631,44.456
59.562,71.422,47.702,59.793,71.866,47.72
66.956,79.759,54.154,66.166,78.481,53.852
72.325,85.112,59.537,72.604,85.57,59.638
78.184,91.641,64.727,78.8,92.341,65.258
78.649,92.152,65.146,79.09,92.674,65.506
75.099,88.354,61.843,74.874,87.904,61.843
66.428,78.585,54.27,68.056,80.566,55.545
57.35,68.459,46.241,57.997,69.256,46.738
51.938,61.948,41.928,51.979,62.513,41.444
52.338,62.807,41.868,52.426,62.4,42.451
54.005,65.024,42.986,53.052,63.515,42.59
56.603,68.092,45.115,56.792,67.944,45.641
60.84,73.054,48.626,61.837,74.125,49.55
65.946,78.331,53.561,66.584,78.834,54.334
72.644,85.725,59.562,74.085,87.075,61.095
78.79,92.326,65.255,77.654,91.071,64.237
79,92.642,65.358,78.909,92.282,65.536
75.73,89.052,62.408,74.921,88.126,61.716
66.875,79.121,54.629,67.097,79.461,54.732
58.806,70.122,47.491,58.525,70.382,46.667
50.821,60.745,40.896,51.542,62.224,40.859
52.917,63.184,42.65,52.992,63.505,42.479
53.689,64.439,42.94,53.579,64.566,42.591
57.544,69.082,46.005,56.816,68.242,45.391
60.438,72.624,48.251,60.047,72.107,47.987
66.33,78.387,54.272,67.141,80.059,54.223
72.911,85.762,60.059,73.772,87.229,60.315
78.03,91.407,64.653,79.659,93.081,66.238
78.214,91.704,64.723,79.768,93.426,66.11
75.735,89.2,62.271,76.541,89.861,63.222
67.138,79.563,54.713,67.855,80.409,55.3
57.435,68.764,46.106,59.707,70.889,48.526
51.816,62.252,41.379,52.808,63.116,42.501
52.501,62.852,42.15,52.16,61.829,42.491
53.214,63.794,42.635,53.353,63.27,43.435
56.384,67.528,45.241,56.239,67.442,45.037
60.309,72.636,47.983,60.319,72.272,48.365
66.726,79.231,54.22,65.974,78.235,53.713
72.545,85.517,59.573,73.339,86.387,60.291
77.786,91.145,64.428,78.805,92.246,65.363
78.819,92.438,65.2,79.341,93.048,65.634
74.177,87.586,60.767,74.349,87.669,61.029
66.931,79.689,54.172,67.162,79.288,55.035
58.526,70.046,47.005,58.089,69.1,47.079
51.269,61.747,40.791,52.035,62.471,41.599
52.315,62.181,42.448,51.629,61.386,41.871
54.129,64.649,43.608,52.912,63.201,42.624
57.501,68.882,46.119,56.07,67.051,45.09
60.581,72.708,48.455,60.771,73.078,48.463
66.913,79.384,54.441,66.525,78.861,54.19
72.499,85.321,59.676,72.011,84.751,59.271
77.934,91.164,64.703,79.091,92.423,65.759
79.756,93.003,66.509,79.388,92.985,65.791
75.068,87.932,62.205,75.246,88.173,62.319
68.003,80.444,55.562,66.656,78.828,54.484
58.279,69.231,47.328,57.883,69.07,46.696
51.981,62.181,41.78,52.937,63.802,42.071
53.32,63.708,42.932,53.05,63.354,42.745
55.049,66.023,44.076,53.659,64.027,43.29
55.591,66.666,44.517,55.337,66.295,44.379
60.912,73.59,48.235,59.83,71.629,48.031
66.758,79.105,54.412,67.642,80.301,54.983
73.385,86.537,60.232,73.707,86.919,60.496
79.078,92.615,65.541,79.236,92.648,65.824
79.933,93.553,66.312,79.531,93.065,65.996
75.577,88.885,62.268,75.012,88.181,61.844
66.954,79.455,54.452,67.814,79.991,55.636
57.729,68.862,46.596,58.043,69.229,46.857
53.129,63.902,42.356,52.984,63.606,42.362
53.006,63.19,42.822,53.809,64.388,43.23
52.841,63.568,42.114,53.704,64.189,43.219
56.466,68.018,44.913,56.033,67.034,45.031
60.616,72.804,48.428,60.84,72.802,48.879
67.301,79.695,54.907,67.162,79.549,54.775
72.491,85.31,59.673,73.351,86.345,60.358
78.99,92.328,65.653,78.987,92.447,65.527
79.849,93.402,66.296,79.252,92.913,65.59
75.86,89.143,62.577,75.234,88.375,62.092
68.673,81.555,55.791,68.579,81.318,55.839
58.213,69.859,46.567,58.275,69.616,46.934
51.872,62.477,41.267,51.651,61.482,41.82
52.654,62.639,42.669,53.163,63.375,42.952
53.438,63.247,43.629,54.506,65.56,43.452
56.728,67.609,45.847,56.881,67.939,45.822
59.689,71.57,47.808,61.332,73.607,49.056
66.007,78.349,53.665,67.84,80.39,55.29
71.937,85.094,58.781,74.631,87.854,61.408
78.818,92.486,65.15,79.337,92.753,65.92
79.181,92.97,65.392,80.284,93.811,66.757
76.603,89.908,63.297,76.51,89.587,63.434
67.973,80.835,55.11,67.569,79.934,55.204
57.75,68.986,46.513,59.378,71.169,47.587
51.883,61.962,41.804,52.82,62.976,42.664
51.87,62.018,41.721,52.593,62.668,42.518
52.72,62.963,42.477,53.597,63.901,43.293
56.744,67.668,45.819,57.63,68.753,46.506
61.148,73.489,48.807,61.33,73.432,49.227
67.17,79.669,54.672,67.897,80.115,55.678
72.815,85.867,59.764,73.467,86.264,60.67
78.866,92.259,65.473,79.553,92.679,66.427
79.925,93.542,66.308,79.205,92.671,65.738
75.383,88.398,62.368,76.063,89.272,62.855
67.415,79.632,55.197,67.061,79.136,54.986
59.323,70.257,48.389,57.554,68.892,46.216
51.812,61.312,42.311,52.897,63.522,42.272
52.592,62.413,42.771,52.521,63.491,41.551
54.189,64.19,44.188,55.449,66.348,44.55
57.375,68.889,45.861,58.022,69.601,46.444
60.924,73.165,48.683,61.689,73.907,49.471
66.029,78.377,53.681,66.223,78.758,53.688
73.438,86.766,60.111,73.399,86.55,60.248
79.038,92.675,65.4,78.998,92.403,65.593
80.473,94.179,66.767,79.728,93.387,66.069
75.543,88.9,62.187,75.859,89.33,62.388
66.892,79.507,54.277,68.489,80.581,56.397
58.965,70.654,47.276,58.775,69.941,47.609
51.299,61.88,40.717,53.62,63.919,43.321
51.181,60.776,41.585,53.866,63.771,43.961
53.377,63.848,42.907,54.295,64.523,44.067
55.314,66.002,44.627,58.006,69.502,46.511
59.985,71.885,48.085,61.722,73.858,49.586
67.46,79.913,55.008,66.856,78.686,55.027
73.158,86.135,60.181,74.178,87.034,61.322
78.778,92.326,65.229,79.796,93.269,66.323
79.129,92.65,65.608,80.997,94.541,67.454
75.423,88.902,61.943,76.757,89.647,63.867
67.701,80.035,55.367,67.964,80.193,55.734
59.028,70.169,47.886,59.799,71.059,48.538
53.287,63.537,43.037,53.379,63.76,42.998
53.203,63.249,43.158,53.575,63.807,43.342
53.947,64.557,43.338,53.848,63.777,43.92
56.413,67.755,45.071,55.81,66.439,45.181
60.249,72.394,48.104,60.944,72.793,49.096
66.53,79.044,54.015,67.616,80.014,55.218
73.187,86.049,60.326,73.967,86.838,61.095
79.033,92.499,65.567,79.1,92.424,65.776
80.027,93.556,66.498,80.25,94.023,66.476
75.146,88.033,62.258,75.615,88.705,62.525
68.528,81.237,55.819,67.312,79.488,55.137
58.462,69.588,47.335,59.276,71.239,47.313
52.45,62.535,42.365,54.299,65.223,43.375
52.357,62.378,42.336,53.684,64.283,43.084
53.769,64.408,43.13,54.306,64.847,43.765
57.321,68.622,46.021,57.406,68.958,45.853
60.812,73.05,48.573,62.629,75.195,50.063
66.74,78.949,54.53,67.41,79.993,54.826
72.565,85.434,59.696,73.029,85.986,60.071
79.877,93.316,66.438,79.778,93.28,66.275
79.633,93.2,66.065,80.694,94.293,67.094
76.059,88.879,63.239,76.718,89.815,63.622
67.389,79.656,55.122,69.725,82.502,56.947
57.794,68.558,47.03,58.382,69.252,47.511
51.176,61.203,41.148,52.091,62.127,42.054
53.314,63.865,42.762,52.621,63.428,41.815
54.246,64.478,44.014,56.203,67.331,45.075
56.488,67.963,45.014,57.855,69.127,46.583
60.374,72.547,48.201,62.256,74.604,49.908
67.463,79.923,55.004,68.067,80.509,55.624
73.654,86.752,60.557,74.493,87.593,61.393
79.333,92.823,65.843,79.478,92.796,66.16
80.461,94.247,66.674,80.466,94.14,66.792
76.852,90.221,63.483,76.623,90.325,62.921
68.699,81.215,56.184,69.235,81.832,56.638
58.983,70.354,47.613,59.792,71.106,48.478
52.819,63.06,42.578,52.651,63.015,42.286
53.138,63.254,43.021,53.882,64.416,43.348
54.938,65.742,44.134,55.57,66.214,44.925
56.687,67.768,45.607,57.2,68.512,45.889
61.868,74.546,49.189,61.881,73.701,50.062
67.795,80.441,55.149,68.116,80.514,55.717
74.249,87.266,61.231,74.767,87.699,61.835
78.387,91.847,64.926,79.407,92.929,65.884
80.954,94.626,67.282,80.714,94.256,67.172
75.797,88.809,62.783,76.153,89.021,63.286
68.062,80.672,55.452,69.727,82.476,56.979
58.541,70.048,47.033,59.333,70.903,47.763
52.326,62.409,42.242,53.425,63.79,43.059
52.385,62.622,42.148,53.53,63.627,43.432
54.04,64.576,43.504,54.216,64.816,43.617
56.668,68.087,45.248,58.23,69.745,46.716
61.065,73.799,48.332,62.6,74.881,50.319
67.745,80.36,55.13,68.102,80.424,55.78
73.989,87.294,60.683,74.206,87.146,61.265
80.185,93.491,66.879,79.643,92.997,66.289
80.282,93.616,66.948,80.154,93.702,66.606
76.191,89.236,63.145,77.046,90.025,64.068
69.006,81.582,56.431,68.27,80.323,56.217
58.861,70.08,47.643,59.224,70.31,48.137
52.035,62.485,41.585,53.472,64.11,42.834
52.753,62.544,42.961,53.488,63.829,43.147
54.561,65.071,44.05,53.469,63.829,43.109
57.418,68.822,46.013,56.59,67.569,45.612
61.378,73.409,49.347,61.579,73.423,49.734
67.651,80.02,55.282,68.274,80.641,55.908
73.035,85.778,60.292,72.902,85.667,60.138
78.913,92.24,65.586,80.12,93.4,66.839
80.307,93.928,66.687,80.955,94.443,67.467
76.291,89.502,63.079,76.598,89.7,63.496
67.937,80.197,55.677,69.101,81.597,56.605
58.326,69.733,46.919,59.35,70.422,48.277
52.588,62.622,42.554,51.986,61.821,42.152
51.96,61.73,42.191,53.4,63.4,43.399
53.295,63.935,42.655,54.84,65.367,44.313
57.189,68.743,45.636,57.858,69.446,46.27
62.278,74.677,49.879,62.285,74.535,50.035
67.681,80.312,55.05,68.019,80.59,55.448
73.55,86.559,60.542,74.587,87.431,61.744
78.672,92.266,65.078,79.688,92.995,66.381
79.868,93.478,66.259,80.163,93.539,66.788
76.44,89.805,63.074,76.93,90.103,63.756
69.868,82.715,57.02,69.487,81.872,57.101
59.271,70.516,48.025,59.618,70.663,48.573
52.94,63.819,42.062,54.463,65.233,43.692
54.502,65.922,43.083,54.73,65.157,44.304
54.484,65.288,43.68,54.946,65.417,44.475
57.137,68.628,45.645,58.496,70.392,46.6
61.69,74.171,49.209,62.236,74.774,49.697
67.424,80.097,54.751,67.61,80.12,55.099
73.657,86.795,60.519,74.686,87.867,61.505
78.935,92.182,65.689,80.147,93.632,66.661
79.307,92.911,65.703,80.578,94.189,66.966
77.151,90.7,63.602,77.406,90.938,63.875
67.699,80.135,55.262,69.149,81.655,56.644
58.036,69.728,46.345,60.132,71.523,48.742
52.151,62.581,41.721,53.436,63.76,43.112
53.427,64.019,42.835,54.067,64.658,43.477
55.708,66.703,44.713,55.79,66.843,44.737
57.855,69.5,46.21,58.543,70.548,46.538
60.716,73.151,48.281,62.843,75.581,50.105
67.107,79.597,54.618,67.302,79.726,54.877
73.544,86.737,60.351,73.633,86.459,60.806
78.896,92.399,65.392,80.459,93.613,67.304
79.728,93.273,66.183,81.186,94.488,67.883
76.03,89.443,62.616,76.902,89.829,63.974
67.626,79.653,55.598,69.716,82.11,57.323
59.062,69.961,48.163,59.313,70.388,48.239
52.489,62.537,42.44,53.237,62.892,43.581
53.136,63.311,42.961,54.018,63.992,44.045
53.512,64.116,42.907,54.275,64.066,44.485
57.679,68.988,46.37,57.404,68.708,46.1
61.168,73.536,48.801,61.831,73.837,49.826
67.477,80.224,54.73,67.806,80.043,55.568
73.835,86.578,61.092,73.928,86.814,61.042
79.828,93.139,66.518,79.908,93.202,66.614
80.653,93.959,67.346,80.635,93.97,67.301
76.569,89.678,63.459,76.995,90.33,63.659
68.037,80.576,55.498,69.481,81.932,57.031
58.389,69.407,47.372,61.191,72.591,49.791
53.319,63.573,43.064,53.484,63.785,43.182
53.037,63.117,42.958,53.558,64.006,43.11
54.219,64.149,44.289,56.273,67.113,45.433
57.312,68.721,45.903,58.411,69.99,46.832
61.66,74.028,49.292,63.589,76.13,51.047
66.869,79.406,54.332,69.255,81.958,56.552
72.334,85.419,59.249,75.489,88.537,62.441
79.567,92.968,66.167,80.018,93.304,66.732
79.769,93.283,66.256,82.042,95.384,68.701
76.801,90.014,63.587,77.546,90.469,64.624
67.686,79.641,55.731,70.013,82.587,57.44
59.087,70.439,47.735,59.59,71.002,48.179
53.792,64.07,43.514,54.312,65.074,43.55
53.781,63.803,43.759,53.592,64.149,43.035
54.111,64.655,43.566,54.771,65.383,44.16
57.59,69.16,46.019,58.204,69.901,46.506
62.248,74.906,49.59,62.655,74.942,50.368
67.06,79.42,54.7,68.833,81.596,56.07
73.097,86.104,60.09,74.619,87.672,61.566
79.747,93.277,66.218,80.282,93.576,66.988
81.22,94.842,67.599,81.19,94.478,67.902
76.934,90.502,63.366,77.217,90.301,64.133
68.04,80.457,55.624,69.27,81.419,57.12
59.783,71.308,48.258,59.637,70.627,48.648
53.247,63.408,43.086,53.335,63.442,43.228
52.993,62.871,43.115,53.677,63.831,43.524
52.776,62.635,42.917,54.331,64.498,44.163
57.187,68.471,45.902,58.412,69.265,47.559
61.906,74.36,49.452,62.332,74.372,50.291
67.361,79.658,55.064,66.39,78.769,54.011
73.77,86.616,60.924,73.97,86.948,60.991
79.467,92.948,65.986,79.73,93.112,66.348
81.063,94.604,67.522,81.653,95.191,68.115
76.228,89.298,63.158,77.785,90.885,64.686
68.711,81.048,56.374,70.056,82.781,57.332
59.562,71.105,48.019,61.594,73.159,50.029
53.959,64.923,42.996,53.739,64.316,43.162
53.664,64.007,43.321,53.448,63.37,43.527
54.793,65.164,44.422,55.687,65.809,45.565
57.309,68.551,46.067,57.731,68.371,47.092
61.443,73.683,49.203,62.647,74.747,50.547
67.684,80.326,55.043,69.281,81.887,56.676
73.514,86.65,60.377,75.083,87.888,62.278
80.402,93.794,67.01,80.522,93.854,67.19
80.472,93.949,66.995,81.567,94.831,68.303
75.758,89.035,62.481,77.801,90.785,64.817
69.618,82.315,56.92,69.659,81.944,57.373
59.327,70.745,47.908,60.9,72.479,49.321
54.004,64.139,43.87,55.156,65.921,44.391
54.062,64.45,43.673,54.083,64.044,44.121
54.871,65.128,44.615,55.401,65.865,44.938
58.408,69.457,47.36,58.279,69.978,46.58
61.197,73.137,49.257,62.268,74.381,50.155
68.497,80.926,56.069,68.535,81.282,55.788
73.277,86.211,60.344,75.668,88.756,62.581
79.932,93.259,66.605,81.88,95.15,68.61
80.224,93.941,66.507,81.565,95.057,68.073
76.741,89.709,63.772,77.593,90.822,64.364
69.262,81.691,56.833,70.299,82.737,57.86
59.205,70.349,48.06,60.697,72.291,49.103
53.606,63.621,43.591,54.463,64.959,43.968
54.097,64.091,44.103,54.347,64.466,44.228
54.385,64.662,44.109,55.34,66.067,44.613
57.562,68.391,46.734,59.212,70.651,47.774
62.991,75.279,50.704,62.806,75.304,50.308
69.176,81.7,56.653,69.02,81.73,56.311
73.768,86.819,60.718,75.56,88.796,62.324
80.179,93.293,67.065,81.56,95.036,68.085
79.645,92.974,66.316,82.013,95.615,68.412
76.354,89.594,63.114,77.258,90.645,63.872
69.711,82.357,57.065,69.381,81.962,56.799
58.625,69.879,47.371,59.833,71.141,48.526
52.366,62.831,41.9,53.782,64.153,43.411
54.588,65.017,44.16,54.444,64.827,44.06
55.205,65.785,44.626,54.749,65.099,44.4
58.745,70.339,47.15,58.319,69.98,46.658
61.297,73.764,48.83,62.99,75.629,50.352
67.679,80.176,55.182,68.657,81.479,55.836
73.605,86.513,60.696,74.946,87.651,62.242
80.196,93.618,66.773,81.027,94.315,67.739
79.993,93.654,66.331,82.285,95.727,68.842
75.987,89.237,62.738,78.157,91.157,65.156
69.295,81.813,56.777,70.085,82.405,57.765
59.547,70.912,48.181,60.559,72.106,49.013
53.103,62.928,43.278,53.545,63.477,43.612
54.638,65.181,44.094,54.457,64.544,44.369
53.818,64.579,43.056,56.115,66.591,45.638
57.741,69.042,46.44,59.175,70.71,47.641
62.236,74.701,49.771,62.869,75.256,50.482
67.185,79.832,54.538,70.066,82.844,57.289
74.711,87.859,61.564,75.015,87.738,62.292
79.662,93.067,66.258,81.048,94.368,67.728
80.25,93.917,66.583,82.657,96.243,69.07
76.379,89.687,63.07,78.819,91.87,65.768
68.379,81.058,55.699,69.975,82.067,57.883
58.606,69.92,47.291,59.91,70.964,48.856
52.39,62.056,42.724,53.504,63.308,43.701
53.348,63.643,43.054,54.887,64.775,45
54.424,64.952,43.897,56.084,66.071,46.096
57.441,68.978,45.904,58.754,69.756,47.753
60.627,72.706,48.549,62.108,73.951,50.265
68.918,81.936,55.901,67.988,80.025,55.951
74.339,87.344,61.334,75.38,88.333,62.427
79.478,92.881,66.074,80.47,93.64,67.299
80.95,94.69,67.211,82.035,95.448,68.622
76.329,89.48,63.178,78.559,91.534,65.584
67.537,79.774,55.301,70.758,82.896,58.62
59.945,71.403,48.488,61.221,72.531,49.911
53.622,63.985,43.26,54.965,65.237,44.692
54.736,65.3,44.172,55.358,65.622,45.095
56.232,67.107,45.358,55.757,65.698,45.815
59.166,71.039,47.293,58.252,69.499,47.005
62.303,74.978,49.628,64.16,76.737,51.584
67.449,79.954,54.945,69.137,81.856,56.418
74.752,88.219,61.285,74.492,87.298,61.685
80.442,94.016,66.868,79.835,93.084,66.586
80.39,93.882,66.899,80.999,94.279,67.719
76.297,89.076,63.518,77.693,90.703,64.683
68.137,80.492,55.782,70.991,83.665,58.317
59.793,71.3,48.285,61.026,72.324,49.729
54.439,65.124,43.754,54.451,64.77,44.132
55.097,65.74,44.454,54.35,64.386,44.315
55.472,65.714,45.231,55.307,65.407,45.207
58.479,69.878,47.081,58.633,70.049,47.216
62.576,75.163,49.99,63.427,75.954,50.9
68.633,81.055,56.21,69.238,81.912,56.565
74.07,86.853,61.287,76.553,89.712,63.394
80.011,93.401,66.62,81.119,94.312,67.927
80.993,94.495,67.492,81.568,94.84,68.297
75.523,88.575,62.47,79.099,92.098,66.1
68.522,80.731,56.312,70.513,82.962,58.064
60.179,71.667,48.692,62.45,74.051,50.848
54.513,64.802,44.224,55.168,65.493,44.843
53.343,63.207,43.479,55.98,66.363,45.597
54.581,64.895,44.267,56.269,67.003,45.535
56.291,66.991,45.592,58.712,70.122,47.302
60.452,72.386,48.518,63.293,75.922,50.664
67.9,80.161,55.638,69.763,82.694,56.831
73.909,86.602,61.216,75.013,87.871,62.155
79.722,93.066,66.379,80.556,93.739,67.373
80.326,93.776,66.876,82.229,95.62,68.839
75.949,88.977,62.921,78.88,91.602,66.158
69.036,81.404,56.668,71.569,83.921,59.218
59.129,70.53,47.728,61.549,73.062,50.035
53.013,63.314,42.713,55.177,65.684,44.669
53.108,62.996,43.22,55.665,65.754,45.576
54.259,64.339,44.178,55.009,64.677,45.342
57.968,69.062,46.874,58.051,69.243,46.86
61.527,73.619,49.434,62.71,75.263,50.157
68.752,81.001,56.503,68.392,80.616,56.168
74.116,87.192,61.041,75.12,88.053,62.188
80.592,94.025,67.159,81.039,94.407,67.671
80.233,93.779,66.687,82.337,95.953,68.721
77.894,91.198,64.591,78.681,92.118,65.244
69.326,82.306,56.347,72.305,84.739,59.871
59.012,70.522,47.502,61.591,72.857,50.324
53.626,64.057,43.195,54.865,65.352,44.378
53.792,64.016,43.568,55.806,66.243,45.369
54.916,64.976,44.855,56.274,67.012,45.535
59.542,70.874,48.21,58.534,69.885,47.184
61.519,73.665,49.373,62.421,74.539,50.303
69.392,82.203,56.58,69.438,82.194,56.683
74.277,87.36,61.193,76.46,89.623,63.298
80.247,93.802,66.692,82.266,95.623,68.909
80.406,93.953,66.859,82.78,96.118,69.442
77.664,90.987,64.34,78.893,92.019,65.768
69.834,82.162,57.505,70.819,83.24,58.398
59.879,70.963,48.794,61.454,72.997,49.91
52.547,62.68,42.414,55.755,66.358,45.151
53.214,63.271,43.156,55.8,65.899,45.701
54.191,64.687,43.695,55.706,65.747,45.665
57.891,69.411,46.37,59.453,70.481,48.426
62.942,75.147,50.737,63.314,75.647,50.981
68.737,81.359,56.115,70.08,82.688,57.471
74.8,87.877,61.723,75.358,88.377,62.34
80.442,93.722,67.161,81.137,94.505,67.769
81.441,94.842,68.039,81.773,95.285,68.261
76.43,89.253,63.607,79.353,92.553,66.154
68.704,81.458,55.95,71.687,84.68,58.695
59.446,70.669,48.222,62.237,73.924,50.55
52.786,62.842,42.731,54.953,65.539,44.366
53.757,63.557,43.957,55.293,65.639,44.948
54.92,65.185,44.655,55.18,65.184,45.175
57.767,68.688,46.846,58.36,69.467,47.254
62.475,74.91,50.04,62.903,75.497,50.309
67.13,79.353,54.907,69.025,81.649,56.401
74.191,87.146,61.236,75.132,88.057,62.208
78.863,92.109,65.617,81.452,94.728,68.176
80.001,93.437,66.565,82.794,96.236,69.352
75.577,88.537,62.618,79.466,92.712,66.219
68.719,80.97,56.467,72.147,84.926,59.369
60.829,72.563,49.094,61.847,73.134,50.559
54.407,64.92,43.895,56.179,66.623,45.735
53.576,63.54,43.612,56.712,67.151,46.272
55.49,65.914,45.067,55.959,66.626,45.293
57.251,68.484,46.018,59.228,70.71,47.747
62.19,74.504,49.876,63.826,76.71,50.943
68.157,80.68,55.634,69.38,82.143,56.618
75.376,88.628,62.124,76.655,89.857,63.454
79.525,92.79,66.26,81.839,95.283,68.394
80.78,94.398,67.162,83.31,96.669,69.951
76.769,89.792,63.746,79.307,92.548,66.066
68.811,81.226,56.397,71.551,84.123,58.978
59.638,70.792,48.484,61.724,73.121,50.327
53.657,63.996,43.318,55.736,65.846,45.626
55.405,65.94,44.87,55.182,65.318,45.045
55.501,66.383,44.619,57.889,68.976,46.801
59.373,70.904,47.842,59.144,70.44,47.848
62.825,75.552,50.097,63,75.206,50.793
68.42,81.226,55.614,69.356,81.749,56.964
74.296,87.676,60.915,75.474,88.317,62.631
79.635,93.255,66.015,82.035,95.259,68.811
80.479,94.066,66.892,83.235,96.635,69.835
77.352,90.415,64.289,79.257,92.371,66.142
70.283,82.749,57.818,71.378,83.782,58.974
59.38,70.559,48.2,62.194,73.603,50.784
53.575,64.557,42.592,55.417,66.008,44.826
54.007,64.099,43.916,55.844,66.533,45.155
54.743,64.99,44.497,57.106,67.777,46.436
57.882,69.141,46.622,60.487,72.091,48.883
61.986,74.53,49.442,63.725,75.928,51.522
67.466,79.895,55.037,69.939,82.724,57.154
74.713,88.007,61.42,76.531,89.724,63.337
79.605,93.023,66.188,82.871,96.248,69.495
80.837,94.638,67.036,82.99,96.003,69.978
76.982,90.058,63.906,78.953,91.745,66.161
69.071,81.646,56.495,71.643,83.881,59.405
60.384,71.666,49.103,62.99,74.611,51.369
53.35,63.491,43.208,56.071,67.182,44.961
53.183,63.579,42.787,56.588,67.071,46.104
55.807,66.536,45.077,57.405,68.153,46.657
58.018,69.173,46.863,60.48,71.844,49.116
61.626,73.834,49.417,63.775,76.69,50.859
67.991,80.762,55.221,69.62,82.206,57.033
74.203,87.339,61.066,77.01,90.15,63.869
80.402,93.794,67.01,81.458,94.83,68.085
81.584,95.158,68.009,82.661,96.167,69.155
76.564,89.605,63.523,78.175,91.143,65.206
68.065,80.439,55.69,71.884,84.926,58.842
60.304,72.212,48.396,62.167,73.669,50.665
53.669,64.605,42.733,54.997,65.479,44.514
54.683,65.536,43.83,56.522,67.437,45.607
56.231,66.817,45.646,57.967,69.151,46.783
58.635,70.32,46.95,60.088,71.442,48.733
61.944,74.409,49.479,64.058,76.347,51.769
70.137,82.951,57.322,69.721,82.316,57.126
75.412,88.376,62.448,75.905,88.781,63.03
80.271,93.487,67.055,81.88,95.042,68.718
81.092,94.513,67.671,83.456,96.715,70.196
77.551,90.754,64.348,79.613,92.729,66.497
69.176,82.086,56.265,72.55,85.164,59.936
60.439,71.722,49.156,63.273,74.623,51.922
53.743,63.83,43.656,56.457,67.357,45.558
54.063,64.336,43.791,56.542,66.785,46.3
55.897,66.286,45.507,58.015,68.534,47.495
58.623,69.762,47.484,60.075,71.406,48.744
62.275,74.101,50.449,63.587,75.652,51.522
67.573,79.697,55.448,70.13,82.598,57.662
75.05,87.928,62.173,76.804,89.531,64.077
80.12,93.228,67.013,82.194,95.33,69.057
81.168,94.706,67.629,82.871,96.15,69.592
76.625,89.588,63.663,80.521,93.509,67.533
69.827,82.492,57.162,73.609,85.997,61.222
59.335,70.725,47.945,64.102,75.664,52.541
52.897,63.309,42.485,56.205,66.467,45.944
53.725,64.323,43.127,56.398,66.059,46.737
55.296,65.68,44.912,57.304,67.64,46.968
56.866,67.178,46.553,60.701,72.402,49
63.04,75.165,50.914,64.591,77.134,52.048
68.479,80.821,56.136,70.251,82.687,57.816
74.719,87.852,61.586,76.857,89.57,64.144
80.874,94.282,67.466,82.815,96.213,69.417
81.291,94.788,67.794,83.104,96.454,69.754
78.535,91.512,65.559,80.617,93.645,67.59
68.525,80.787,56.263,73.421,85.564,61.279
60.857,72.745,48.969,63.261,74.635,51.887
53.913,64.525,43.302,56.38,66.596,46.164
54.786,65.726,43.845,56.719,66.64,46.798
57.28,68.306,46.255,57.68,68.113,47.248
58.496,69.744,47.248,60.782,71.702,49.862
62.915,74.635,51.196,64.395,76.382,52.409
69.263,81.535,56.99,70.623,82.941,58.306
74.833,87.774,61.892,76.733,89.503,63.962
80.522,93.848,67.197,83.303,96.28,70.325
81.576,95.026,68.125,83.818,96.942,70.695
76.838,89.886,63.789,80.612,93.896,67.329
70.943,83.724,58.161,72.906,85.574,60.237
62.284,74.322,50.247,63.157,74.829,51.485
54.315,64.826,43.804,57.122,67.799,46.444
53.821,63.491,44.152,55.889,66.301,45.477
55.131,65.42,44.842,58.548,68.975,48.121
57.483,68.513,46.453,60.318,71.486,49.15
61.965,73.936,49.993,64.126,76.316,51.937
67.068,79.055,55.082,69.905,82.189,57.62
74.176,87.367,60.985,76.968,90.113,63.822
80.119,93.367,66.871,82.848,96.131,69.566
81.183,94.606,67.759,84.259,97.543,70.975
77.273,90.481,64.065,80.716,93.71,67.721
69.124,81.556,56.693,71.731,83.784,59.679
59.912,71.42,48.403,62.642,73.623,51.661
54.098,65.087,43.108,55.661,65.599,45.722
53.999,64.431,43.567,55.734,65.316,46.153
54.807,64.86,44.754,56.601,66.889,46.312
58.932,70.432,47.433,59.227,70.368,48.086
62.672,74.87,50.474,64.065,75.943,52.187
69.337,81.979,56.694,71.356,83.712,59
74.819,87.535,62.103,77.832,91.098,64.566
79.898,93.158,66.638,82.812,96.234,69.389
81.449,94.75,68.148,83.861,97.243,70.479
78.098,91.227,64.969,79.906,92.8,67.012
69.665,82.193,57.136,72.425,85.024,59.826
60.3,71.751,48.849,61.658,72.818,50.497
53.534,63.992,43.076,55.614,65.724,45.504
54.507,65.146,43.868,57.954,68.544,47.364
55.601,66.325,44.877,57.563,68.366,46.76
59.101,71.222,46.98,60.423,71.803,49.044
62.047,74.582,49.512,63.884,76.202,51.565
68.398,81.248,55.548,70.307,83.016,57.598
74.6,87.783,61.417,76.82,89.763,63.877
80.527,94.205,66.848,82.428,95.811,69.045
82.202,95.599,68.805,84.005,97.393,70.618
77.004,90.12,63.888,80.752,93.525,67.98
69.416,81.964,56.867,72.293,84.343,60.243
59.464,70.307,48.622,62.676,74.098,51.254
53.735,64.197,43.272,56.488,67.004,45.971
55.216,65.763,44.67,57.486,67.517,47.455
55.926,66.758,45.094,59.253,69.713,48.793
58.494,70.186,46.802,61.282,72.553,50.011
61.272,72.959,49.585,63.971,76.035,51.908
68.762,81.257,56.267,69.777,82.266,57.288
74.741,87.667,61.814,76.854,89.913,63.794
80.357,93.4,67.314,83.038,96.048,70.028
81.294,94.487,68.1,83.746,97.096,70.396
78.305,91.348,65.263,79.916,92.518,67.314
71.338,83.926,58.75,73.195,85.483,60.906
60.301,71.251,49.351,63.792,74.731,52.853
54.111,64.115,44.107,56.751,67.176,46.326
53.804,63.182,44.426,57.104,67.435,46.774
55.493,65.401,45.586,56.669,66.369,46.97
57.741,68.602,46.881,60.885,72.096,49.674
62.249,74.609,49.89,64.156,76.353,51.958
68.158,80.62,55.695,70.855,83.614,58.097
74.301,87.21,61.392,77.387,90.485,64.288
80.653,94.024,67.283,83.43,96.558,70.301
80.66,93.941,67.38,84.287,97.542,71.033
77.719,91.05,64.388,81.633,94.588,68.679
70.647,83.109,58.185,73.662,86.398,60.926
59.567,70.876,48.257,62.489,73.403,51.574
53.334,64.051,42.616,56.566,66.776,46.356
54.81,64.791,44.828,57.1,67.368,46.832
55.188,65.137,45.239,58.863,69.258,48.468
58.161,69.19,47.132,60.277,71.543,49.01
62.184,73.808,50.56,66.346,78.833,53.859
68.45,80.568,56.333,70.757,83.397,58.118
74.235,87.169,61.301,77.373,90.373,64.374
81.031,94.12,67.941,84.104,97.396,70.813
81.808,95.309,68.306,85.401,98.759,72.044
77.365,90.287,64.444,81.879,94.722,69.035
70.324,82.51,58.138,74.279,86.965,61.592
59.706,70.412,49.001,63.48,74.794,52.166
54.165,64.328,44.003,57.126,67.666,46.585
53.566,63.603,43.528,57.417,67.676,47.158
56.043,66.234,45.851,57.878,68.041,47.715
59.069,70.353,47.786,60.33,71.133,49.527
62.4,74.409,50.391,65.196,77.104,53.288
67.421,79.555,55.287,71.534,83.808,59.26
74.343,87.315,61.372,78.015,90.79,65.241
80.516,93.694,67.339,83.606,96.721,70.491
80.809,94.184,67.435,84.727,98.231,71.223
78.706,91.721,65.69,81.373,94.463,68.283
70.29,82.774,57.806,72.955,85.367,60.543
61.645,73.03,50.26,63.362,74.867,51.858
54.244,64.657,43.831,56.595,66.703,46.487
54.145,64.774,43.515,56.314,66.181,46.447
54.885,64.942,44.828,56.895,66.803,46.987
58.541,69.608,47.474,59.528,70.462,48.594
61.986,74.359,49.613,64.722,76.844,52.6
69.214,82.122,56.305,70.511,82.546,58.476
74.325,87.212,61.438,76.472,89.224,63.719
80.211,93.745,66.677,83.326,96.277,70.376
81.593,95.451,67.736,84.186,97.563,70.809
77.524,90.973,64.076,80.679,93.442,67.915
71.032,83.817,58.247,72.842,84.65,61.033
59.982,71.354,48.61,62.708,73.807,51.609
53.545,63.74,43.351,56.623,66.739,46.506
55.278,65.688,44.868,57.412,67.925,46.899
55.437,65.818,45.056,58.447,68.332,48.562
58.71,69.91,47.51,61.122,72.578,49.665
62.837,74.882,50.791,65.634,78.067,53.201
68.556,81.04,56.071,70.571,82.632,58.511
74.489,87.385,61.593,76.994,89.718,64.271
80.346,93.668,67.025,83.17,96.196,70.143
81.234,94.675,67.792,84.91,98.201,71.619
76.295,89.441,63.15,81.43,94.174,68.685
69.59,82.316,56.864,74.481,86.874,62.089
60.753,71.93,49.576,63.705,74.712,52.697
54.177,64.673,43.68,56.824,66.946,46.702
55.251,65.707,44.795,57.629,67.905,47.352
55.415,65.72,45.11,59.519,70.146,48.893
59.306,70.922,47.69,61.959,73.306,50.611
62.482,74.656,50.307,65.077,77.398,52.756
68.14,80.547,55.733,72.141,84.921,59.362
74.968,87.953,61.983,78.418,91.607,65.229
80.782,93.98,67.584,82.957,96.444,69.47
80.721,94.328,67.114,84.631,98.133,71.129
77.569,90.673,64.465,80.858,93.721,67.995
69.962,82.334,57.59,73.403,85.779,61.028
60.009,71.528,48.489,62.883,74.163,51.602
53.951,64.314,43.588,57.133,67.619,46.647
53.047,63.12,42.974,57.983,68.348,47.618
55.219,65.752,44.687,58.207,68.643,47.77
59.39,71.383,47.397,61.019,72.318,49.719
63.525,76.259,50.79,64.303,76.828,51.778
67.393,79.452,55.333,71.79,84.443,59.138
74.251,87.202,61.3,77.022,90.099,63.945
80.402,93.701,67.103,82.313,95.748,68.877
81.702,95.2,68.204,84.31,97.742,70.878
78.202,91.616,64.787,80.71,93.627,67.793
71.112,84.076,58.148,74.581,87.036,62.126
60.761,72.095,49.427,63.329,74.466,52.193
54.654,65.024,44.284,57.157,67.508,46.805
55.772,66.481,45.063,57.493,67.214,47.772
55.806,65.875,45.738,58.599,69.028,48.17
58.485,69.475,47.495,61.718,73.278,50.159
61.956,74.168,49.744,65.626,78.091,53.162
68.296,80.975,55.617,70.53,82.904,58.157
75.365,88.689,62.04,77.174,90.006,64.342
80.388,93.595,67.181,84.057,97.219,70.894
80.453,93.77,67.135,85.138,98.285,71.991
77.851,90.848,64.854,81.398,94.048,68.748
70.023,82.401,57.646,74.528,86.668,62.388
59.285,70.054,48.516,64.466,75.941,52.991
51.811,61.38,42.242,57.951,68.639,47.262
54.35,64.66,44.041,57.574,67.678,47.471
54.661,65.222,44.1,57.769,68.224,47.314
57.963,68.98,46.945,60.878,72.295,49.462
61.996,74.161,49.831,66.093,78.705,53.481
69.387,82.064,56.709,70.496,83.014,57.979
75.126,88.191,62.061,78.539,91.347,65.731
79.981,93.16,66.802,83.588,96.753,70.423
80.938,94.445,67.431,85.174,98.384,71.963
78.204,91.152,65.255,80.024,92.745,67.304
70.215,82.899,57.53,72.714,84.682,60.745
60.321,71.723,48.919,63.322,74.676,51.968
54.637,65.797,43.477,56.243,66.811,45.675
54.508,65.154,43.861,57.21,67.309,47.111
54.631,64.386,44.876,58.003,68.344,47.661
58.328,69.422,47.234,61.839,73.529,50.15
61.837,74.023,49.65,66.056,78.418,53.695
69.117,81.742,56.492,72.387,85.216,59.559
75.372,88.321,62.422,78.313,91.284,65.342
79.428,92.788,66.069,83.656,97.054,70.258
81.736,95.412,68.061,84.346,97.784,70.909
77.682,90.861,64.503,81.414,94.399,68.429
70.231,82.789,57.673,74.596,87.282,61.91
61.299,72.99,49.607,65.446,77.16,53.731
54.469,65.75,43.189,57.611,67.737,47.485
54.651,64.993,44.31,57.772,68.051,47.493
56.072,67.118,45.025,59.146,69.286,49.007
58.023,69.372,46.674,61.267,72.506,50.028
62.894,75.257,50.53,63.38,75.281,51.48
69.266,82.067,56.466,71.887,84.167,59.607
74.748,87.596,61.9,77.993,90.497,65.488
80.768,94.105,67.431,84.295,97.528,71.061
82.089,95.606,68.572,85.221,98.69,71.752
77.755,90.921,64.588,81.218,93.86,68.576
69.18,81.543,56.817,74.486,86.899,62.073
60.848,72.167,49.529,63.717,75.057,52.377
54.557,64.913,44.2,57.292,67.739,46.846
54.612,64.332,44.892,57.067,67.638,46.497
54.626,64.109,45.143,59,69.694,48.307
56.82,67.061,46.579,62.172,73.591,50.753
62.832,75.146,50.519,66.224,78.579,53.869
69.267,81.496,57.039,72.885,85.379,60.391
75.117,87.924,62.31,78.218,90.985,65.45
80.46,93.872,67.048,84.161,96.937,71.386
81.207,94.725,67.688,85.635,98.833,72.437
77.364,90.449,64.278,82.566,95.669,69.463
69.886,82.191,57.58,74.133,86.398,61.868
59.919,71.001,48.836,64.173,75.544,52.802
54.154,64.714,43.595,58.322,68.761,47.884
53.727,63.663,43.791,57.891,68.017,47.764
55.311,65.464,45.158,59.777,69.895,49.659
58.262,69.227,47.298,62.012,72.956,51.068
61.4,73.477,49.324,65.9,78.439,53.36
67.574,80.018,55.129,72.481,85.208,59.755
74.067,86.958,61.176,77.906,90.996,64.816
80.123,93.513,66.733,85.214,98.041,72.388
81.174,94.854,67.494,85.79,98.805,72.775
76.996,90.456,63.535,81.864,94.486,69.242
69.048,81.56,56.536,74.296,86.076,62.517
61.158,72.595,49.721,64.006,75.438,52.574
52.897,63.017,42.777,57.05,67.558,46.541
54.6,64.72,44.479,58.008,68.552,47.464
55.369,65.346,45.393,59.054,69.325,48.783
58.921,70.394,47.448,60.022,70.826,49.218
61.749,73.993,49.506,65.174,77.541,52.806
69.349,81.847,56.851,72.585,85.528,59.641
74.568,87.505,61.63,77.6,90.372,64.828
80.209,93.459,66.959,84.687,97.743,71.63
80.945,94.412,67.477,86.126,99.393,72.86
77.616,90.509,64.723,81.818,94.502,69.134
70.015,82.128,57.903,74.367,86.298,62.436
60.782,71.745,49.819,63.3,74.129,52.47
54.004,64.251,43.757,57.145,67.429,46.861
54.341,64.287,44.395,58,67.961,48.04
55.762,66.066,45.459,58.157,67.824,48.491
58.227,69.762,46.692,60.745,71.558,49.932
63.388,76.187,50.59,64.778,77.073,52.483
68.228,80.804,55.652,70.71,83.05,58.371
73.62,86.723,60.518,78.984,92.037,65.931
81.089,94.504,67.675,84.304,97.474,71.134
81.514,94.92,68.108,85.369,98.579,72.159
78.449,91.646,65.252,80.98,93.91,68.05
69.509,81.546,57.472,74.124,86.412,61.835
60.141,71.208,49.074,65.539,76.967,54.111
54.52,65.28,43.759,56.665,66.866,46.464
55.069,65.943,44.194,57.389,67.579,47.198
54.859,65.084,44.635,58.531,68.687,48.374
58.562,69.928,47.195,61.992,73.455,50.528
62.234,74.475,49.993,65.66,78.141,53.178
67.849,80.256,55.442,72.365,85.232,59.498
75.61,88.684,62.537,78.082,90.824,65.339
81.58,94.926,68.234,85.569,98.661,72.478
81.685,95.321,68.048,86.409,99.704,73.114
78.287,91.614,64.96,82.901,95.787,70.015
69.862,82.438,57.286,75.772,88.12,63.424
60.409,71.904,48.915,66.056,77.673,54.439
55.633,66.489,44.778,58.733,69.364,48.103
55.332,65.842,44.822,57.275,66.816,47.733
56.036,66.208,45.865,59.676,69.821,49.532
58.549,69.759,47.338,62.425,73.27,51.579
62.254,74.603,49.904,66.586,79.005,54.167
67.742,80.297,55.186,72.428,84.946,59.91
74.519,87.654,61.385,78.956,91.666,66.247
80.496,93.782,67.21,86.369,99.412,73.327
81.301,94.89,67.712,85.475,98.615,72.336
77.217,90.452,63.982,82.48,95.181,69.778
68.377,80.45,56.303,74.263,86.618,61.908
59.98,71.473,48.488,65.591,77.055,54.127
54.579,65.607,43.552,59.592,70.179,49.006
54.964,65.953,43.975,59.503,69.909,49.097
56.327,67.856,44.798,59.675,69.888,49.462
59.51,71.37,47.651,63.384,75.239,51.529
62.053,74.585,49.522,66.902,79.379,54.425
69.082,82.061,56.102,72.649,85.362,59.936
74.736,87.993,61.48,79.303,92.351,66.255
80.895,94.314,67.476,85.649,98.928,72.369
81.237,94.736,67.738,86.762,99.88,73.643
77.512,90.847,64.176,83.249,96.111,70.387
70.077,82.57,57.584,74.72,86.981,62.459
60.046,71.706,48.387,64.976,76.079,53.873
54.977,65.906,44.048,58.622,68.941,48.302
54.528,64.722,44.334,57.689,67.767,47.611
55.942,66.756,45.128,57.932,68.177,47.687
58.726,70.312,47.14,61,72.352,49.649
61.749,74.053,49.446,66.799,79.546,54.051
69.049,81.594,56.504,72.169,84.451,59.887
74.288,87.285,61.29,78.679,91.538,65.819
81.419,94.703,68.135,84.575,97.609,71.541
81.301,94.817,67.785,85.445,98.649,72.241
77.661,90.87,64.451,83.007,95.955,70.059
68.864,80.733,56.994,74.498,86.856,62.139
60.117,71.43,48.805,65.038,76.17,53.905
53.293,63.653,42.933,59.477,70.075,48.879
54.836,65.113,44.559,59.473,70.182,48.764
55.795,65.635,45.954,59.578,70.288,48.868
59.304,70.887,47.721,62.119,73.558,50.679
62.858,75.522,50.194,66.245,78.79,53.699
68.274,80.96,55.587,72.559,85.219,59.898
74.929,88.127,61.73,79.659,92.633,66.685
80.919,94.378,67.461,85.595,98.829,72.361
80.977,94.32,67.634,86.472,99.705,73.24
78.065,91.438,64.691,82.96,95.93,69.989
69.957,82.319,57.595,74.799,87.191,62.407
60.231,71.145,49.317,66.231,77.398,55.065
53.64,63.667,43.613,57.94,68.07,47.81
54.107,64.551,43.663,58.616,69.007,48.225
56.233,67.001,45.466,58.093,68.319,47.867
58.74,70.378,47.103,61.658,73.25,50.066
62.629,74.96,50.298,65.889,78.284,53.493
68.754,81.315,56.194,73.167,85.972,60.362
75.158,88.278,62.038,78.667,91.445,65.889
81.451,94.58,68.321,84.55,97.55,71.549
82.187,95.744,68.631,85.877,98.865,72.89
78.329,91.542,65.116,83.054,95.663,70.445
70.945,83.43,58.461,76.064,88.24,63.888
59.666,70.572,48.759,65.951,77.521,54.38
53.21,63.259,43.16,58.756,69.687,47.824
54.804,64.627,44.98,59.339,70.003,48.675
55.379,65.424,45.334,59.723,70.088,49.358
58.364,69.611,47.116,63.739,75.429,52.049
61.673,73.182,50.163,67.94,80.545,55.334
69.236,81.904,56.567,73.016,85.478,60.554
75.917,89.034,62.801,79.435,92.459,66.41
80.85,94.479,67.222,85.174,98.338,72.01
82.133,95.696,68.57,87.03,100.183,73.877
78.368,91.306,65.43,84.357,97.54,71.174
70.709,83.013,58.404,76.385,88.926,63.843
59.455,70.589,48.32,66.067,77.741,54.392
53.974,64.762,43.186,58.357,68.811,47.904
54.668,65.061,44.275,59.333,69.923,48.742
56.083,66.271,45.895,60.563,71.397,49.73
58.672,69.979,47.365,62.38,73.338,51.422
63.542,75.767,51.317,67.409,79.824,54.993
68.743,80.983,56.502,73.546,86.205,60.887
74.889,87.863,61.916,80.064,92.723,67.404
80.375,93.628,67.121,85.33,98.089,72.571
80.83,94.21,67.45,86.154,99.113,73.195
77.851,90.791,64.91,83.444,96.133,70.754
70.81,82.985,58.635,74.381,86.394,62.368
61.619,72.966,50.271,65.772,77.223,54.321
53.991,64.541,43.44,59.456,69.826,49.086
